{
  "components/custom/clients-partners": "<section class=\"clients-partners\">\n    <div class=\"container\">\n        <div class=\"clients-partners__header\">\n            <h2 class=\"h2\">{{lang 'custom.clients.title'}}</h2>\n            <p>{{lang 'custom.clients.subtitle'}}</p>\n        </div>\n\n        <div class=\"clients-partners__content\">\n            <!-- Left Column: Sticky Filters -->\n            <div class=\"clients-partners__sidebar\">\n                <div class=\"clients-partners__filters\">\n                    <!-- Category Filter Buttons -->\n                    <div class=\"clients-partners__filter-group\">\n                        <h3 class=\"clients-partners__filter-title\">Client Types</h3>\n                        <div class=\"clients-partners__filter-buttons\" id=\"categoryFilters\">\n                            <button class=\"filter-toggle filter-toggle--active\" data-filter=\"all\">\n                                <span class=\"filter-toggle__text\">All Clients</span>\n                                <span class=\"filter-toggle__count\" id=\"count-all\">(120+)</span>\n                            </button>\n                            <button class=\"filter-toggle\" data-filter=\"partnerships\">\n                                <span class=\"filter-toggle__text\">Official Partnerships</span>\n                                <span class=\"filter-toggle__count\" id=\"count-partnerships\">(0)</span>\n                            </button>\n                            <button class=\"filter-toggle\" data-filter=\"colleges\">\n                                <span class=\"filter-toggle__text\">Colleges & Universities</span>\n                                <span class=\"filter-toggle__count\" id=\"count-colleges\">(0)</span>\n                            </button>\n                            <button class=\"filter-toggle\" data-filter=\"clubs\">\n                                <span class=\"filter-toggle__text\">Clubs & Academies</span>\n                                <span class=\"filter-toggle__count\" id=\"count-clubs\">(0)</span>\n                            </button>\n                            <button class=\"filter-toggle\" data-filter=\"facilities\">\n                                <span class=\"filter-toggle__text\">Sports Complexes</span>\n                                <span class=\"filter-toggle__count\" id=\"count-facilities\">(0)</span>\n                            </button>\n                            <button class=\"filter-toggle\" data-filter=\"organizations\">\n                                <span class=\"filter-toggle__text\">Organizations</span>\n                                <span class=\"filter-toggle__count\" id=\"count-organizations\">(0)</span>\n                            </button>\n                            <button class=\"filter-toggle\" data-filter=\"corporate\">\n                                <span class=\"filter-toggle__text\">Corporate</span>\n                                <span class=\"filter-toggle__count\" id=\"count-corporate\">(0)</span>\n                            </button>\n                        </div>\n                    </div>\n\n                    <!-- Environment/Type Filter Buttons -->\n                    <div class=\"clients-partners__filter-group\">\n                        <h3 class=\"clients-partners__filter-title\">Court Types <span style=\"font-size: 0.8em; color: #9ca3af; font-weight: 400;\">(multi-select - must match all)</span></h3>\n                        <div class=\"clients-partners__filter-buttons\" id=\"environmentFilters\">\n                            <!-- These will be dynamically populated based on available badges -->\n                        </div>\n                        <button class=\"filter-clear-btn\" id=\"clearCourtTypes\" style=\"display: none; margin-top: 8px; padding: 6px 12px; background: transparent; border: 1px solid #e5e7eb; border-radius: 6px; color: #6b7280; font-size: 0.875rem; cursor: pointer; transition: all 0.2s;\" \n                                onmouseover=\"this.style.background='#f9fafb'; this.style.borderColor='#d1d5db'; this.style.color='#374151';\" \n                                onmouseout=\"this.style.background='transparent'; this.style.borderColor='#e5e7eb'; this.style.color='#6b7280';\">\n                            Clear All Court Types\n                        </button>\n                    </div>\n                </div>\n            </div>\n\n            <!-- Right Column: Scrollable Cards -->\n            <div class=\"clients-partners__main\">\n                <div class=\"clients-partners__grid\" id=\"clientsGrid\">\n                    <p style=\"color: white; text-align: center;\">Loading clients...</p>\n                </div>\n\n                <!-- Optional scroll hint for better UX -->\n                <div class=\"clients-partners__scroll-hint\" id=\"scrollHint\">\n                    Scroll to see more clients\n                </div>\n            </div>\n        </div>\n    </div>\n</section>\n\n<!-- Embed client data directly in template for reliable loading -->\n<script id=\"clientsData\" type=\"application/json\">\n{\n    \"clients\": [\n        {\n            \"name\": \"Official AVP Tour Equipment Supplier\",\n            \"location\": \"USA\",\n            \"categories\": [\"partnerships\"],\n            \"badges\": [\"outdoor\"]\n        },\n        {\n            \"name\": \"Official P1440 Tour Equipment Supplier\",\n            \"location\": \"USA\",\n            \"categories\": [\"partnerships\"],\n            \"badges\": [\"outdoor\"]\n        },\n        {\n            \"name\": \"Sand Court Experts\",\n            \"location\": \"USA\",\n            \"categories\": [\"partnerships\"],\n            \"badges\": [\"outdoor\"]\n        },\n        {\n            \"name\": \"David Culpepper (AVP/FIVB Facilities Director)\",\n            \"location\": \"USA\",\n            \"categories\": [\"partnerships\"],\n            \"badges\": [\"outdoor\"]\n        },\n        {\n            \"name\": \"Sinjin Smith (King of the Beach)\",\n            \"location\": \"USA\",\n            \"categories\": [\"partnerships\"],\n            \"badges\": [\"outdoor\"]\n        },\n        {\n            \"name\": \"Jake Gibb's Spiker Beach\",\n            \"location\": \"USA\",\n            \"categories\": [\"partnerships\"],\n            \"badges\": [\"outdoor\"]\n        },\n        {\n            \"name\": \"Phil Dalhausser Beach Volleyball Academy\",\n            \"location\": \"USA\",\n            \"categories\": [\"partnerships\"],\n            \"badges\": [\"outdoor\"]\n        },\n        {\n            \"name\": \"University of Washington\",\n            \"location\": \"Seattle, WA\",\n            \"categories\": [\"colleges\"],\n            \"badges\": [\"indoor\", \"outdoor\", \"sand supplier\"]\n        },\n        {\n            \"name\": \"Utah Valley University\",\n            \"location\": \"Orem, UT\",\n            \"categories\": [\"colleges\"],\n            \"badges\": [\"indoor\"]\n        },\n        {\n            \"name\": \"University of Mary Hardin-Baylor\",\n            \"location\": \"Belton, TX\",\n            \"categories\": [\"colleges\"],\n            \"badges\": [\"indoor\"]\n        },\n        {\n            \"name\": \"Seattle University (Club Sports)\",\n            \"location\": \"Seattle, WA\",\n            \"categories\": [\"colleges\"],\n            \"badges\": [\"indoor\"]\n        },\n        {\n            \"name\": \"University of Colorado, Colorado Springs\",\n            \"location\": \"Colorado Springs, CO\",\n            \"categories\": [\"colleges\"],\n            \"badges\": [\"indoor\"]\n        },\n        {\n            \"name\": \"Fresno State University\",\n            \"location\": \"Fresno, CA\",\n            \"categories\": [\"colleges\"],\n            \"badges\": [\"indoor\"]\n        },\n        {\n            \"name\": \"Mt. San Jacinto College\",\n            \"location\": \"San Jacinto, CA\",\n            \"categories\": [\"colleges\"],\n            \"badges\": [\"indoor\", \"outdoor\"]\n        },\n        {\n            \"name\": \"Northwest University\",\n            \"location\": \"Kirkland, WA\",\n            \"categories\": [\"colleges\"],\n            \"badges\": [\"indoor\", \"outdoor\"]\n        },\n        {\n            \"name\": \"Mercer University\",\n            \"location\": \"Macon, GA\",\n            \"categories\": [\"colleges\"],\n            \"badges\": [\"outdoor\"]\n        },\n        {\n            \"name\": \"University of Utah\",\n            \"location\": \"Salt Lake City, UT\",\n            \"categories\": [\"colleges\"],\n            \"badges\": [\"outdoor\"]\n        },\n        {\n            \"name\": \"University of San Diego\",\n            \"location\": \"San Diego, CA\",\n            \"categories\": [\"colleges\"],\n            \"badges\": [\"outdoor\"]\n        },\n        {\n            \"name\": \"SD Mesa College\",\n            \"location\": \"San Diego, CA\",\n            \"categories\": [\"colleges\"],\n            \"badges\": [\"outdoor\"]\n        },\n        {\n            \"name\": \"UC Davis\",\n            \"location\": \"Davis, CA\",\n            \"categories\": [\"colleges\"],\n            \"badges\": [\"outdoor\"]\n        },\n        {\n            \"name\": \"Cal State Bakersfield\",\n            \"location\": \"Bakersfield, CA\",\n            \"categories\": [\"colleges\"],\n            \"badges\": [\"outdoor\"]\n        },\n        {\n            \"name\": \"El Camino College\",\n            \"location\": \"Torrance, CA\",\n            \"categories\": [\"colleges\"],\n            \"badges\": [\"outdoor\"]\n        },\n        {\n            \"name\": \"Grossmont College\",\n            \"location\": \"El Cajon, CA\",\n            \"categories\": [\"colleges\"],\n            \"badges\": [\"outdoor\"]\n        },\n        {\n            \"name\": \"Cal State University Northridge\",\n            \"location\": \"Northridge, CA\",\n            \"categories\": [\"colleges\"],\n            \"badges\": [\"outdoor\"]\n        },\n        {\n            \"name\": \"Long Beach State\",\n            \"location\": \"Long Beach, CA\",\n            \"categories\": [\"colleges\"],\n            \"badges\": [\"outdoor\"]\n        },\n        {\n            \"name\": \"Southern Mississippi University\",\n            \"location\": \"Hattiesburg, MS\",\n            \"categories\": [\"colleges\"],\n            \"badges\": [\"outdoor\"]\n        },\n        {\n            \"name\": \"University of Hawaii\",\n            \"location\": \"Honolulu, HI\",\n            \"categories\": [\"colleges\"],\n            \"badges\": [\"outdoor\"]\n        },\n        {\n            \"name\": \"Colorado State University\",\n            \"location\": \"Fort Collins, CO\",\n            \"categories\": [\"colleges\"],\n            \"badges\": [\"outdoor\"]\n        },\n        {\n            \"name\": \"Stanford University\",\n            \"location\": \"Stanford, CA\",\n            \"categories\": [\"colleges\"],\n            \"badges\": [\"outdoor\"]\n        },\n        {\n            \"name\": \"University of Texas\",\n            \"location\": \"Austin, TX\",\n            \"categories\": [\"colleges\"],\n            \"badges\": [\"outdoor\"]\n        },\n        {\n            \"name\": \"Central Arkansas\",\n            \"location\": \"Conway, AR\",\n            \"categories\": [\"colleges\"],\n            \"badges\": [\"outdoor\"]\n        },\n        {\n            \"name\": \"Coastal Carolina\",\n            \"location\": \"Conway, SC\",\n            \"categories\": [\"colleges\"],\n            \"badges\": [\"outdoor\"]\n        },\n        {\n            \"name\": \"Grand Canyon University\",\n            \"location\": \"Phoenix, AZ\",\n            \"categories\": [\"colleges\"],\n            \"badges\": [\"outdoor\"]\n        },\n        {\n            \"name\": \"LMU\",\n            \"location\": \"Los Angeles, CA\",\n            \"categories\": [\"colleges\"],\n            \"badges\": [\"outdoor\"]\n        },\n        {\n            \"name\": \"Boise State University\",\n            \"location\": \"Boise, ID\",\n            \"categories\": [\"colleges\"],\n            \"badges\": [\"outdoor\"]\n        },\n        {\n            \"name\": \"Austin Peay University\",\n            \"location\": \"Clarksville, TN\",\n            \"categories\": [\"colleges\"],\n            \"badges\": [\"outdoor\"]\n        },\n        {\n            \"name\": \"TCU\",\n            \"location\": \"Fort Worth, TX\",\n            \"categories\": [\"colleges\"],\n            \"badges\": [\"outdoor\"]\n        },\n        {\n            \"name\": \"San Jose State University\",\n            \"location\": \"San Jose, CA\",\n            \"categories\": [\"colleges\"],\n            \"badges\": [\"outdoor\"]\n        },\n        {\n            \"name\": \"Florida Gulf Coast University\",\n            \"location\": \"Fort Myers, FL\",\n            \"categories\": [\"colleges\"],\n            \"badges\": [\"outdoor\"]\n        },\n        {\n            \"name\": \"Stetson University\",\n            \"location\": \"DeLand, FL\",\n            \"categories\": [\"colleges\"],\n            \"badges\": [\"outdoor\"]\n        },\n        {\n            \"name\": \"Cal Poly San Luis Obispo\",\n            \"location\": \"San Luis Obispo, CA\",\n            \"categories\": [\"colleges\"],\n            \"badges\": [\"outdoor\"]\n        },\n        {\n            \"name\": \"Florida International University\",\n            \"location\": \"Miami, FL\",\n            \"categories\": [\"colleges\"],\n            \"badges\": [\"outdoor\"]\n        },\n        {\n            \"name\": \"St. Leo University\",\n            \"location\": \"St. Leo, FL\",\n            \"categories\": [\"colleges\"],\n            \"badges\": [\"outdoor\"]\n        },\n        {\n            \"name\": \"Florida Atlantic University\",\n            \"location\": \"Boca Raton, FL\",\n            \"categories\": [\"colleges\"],\n            \"badges\": [\"outdoor\"]\n        },\n        {\n            \"name\": \"University of North Florida\",\n            \"location\": \"Jacksonville, FL\",\n            \"categories\": [\"colleges\"],\n            \"badges\": [\"outdoor\"]\n        },\n        {\n            \"name\": \"Jacksonville University\",\n            \"location\": \"Jacksonville, FL\",\n            \"categories\": [\"colleges\"],\n            \"badges\": [\"outdoor\"]\n        },\n        {\n            \"name\": \"Palm Beach Atlantic University\",\n            \"location\": \"West Palm Beach, FL\",\n            \"categories\": [\"colleges\"],\n            \"badges\": [\"outdoor\"]\n        },\n        {\n            \"name\": \"Florida Southern\",\n            \"location\": \"Lakeland, FL\",\n            \"categories\": [\"colleges\"],\n            \"badges\": [\"outdoor\"]\n        },\n        {\n            \"name\": \"Florida State University\",\n            \"location\": \"Tallahassee, FL\",\n            \"categories\": [\"colleges\"],\n            \"badges\": [\"outdoor\"]\n        },\n        {\n            \"name\": \"The College of Idaho\",\n            \"location\": \"Caldwell, ID\",\n            \"categories\": [\"colleges\"],\n            \"badges\": [\"outdoor\"]\n        },\n        {\n            \"name\": \"Texas A&M\",\n            \"location\": \"College Station, TX\",\n            \"categories\": [\"colleges\"],\n            \"badges\": [\"outdoor\"]\n        },\n        {\n            \"name\": \"Texas A&M Kingsville University\",\n            \"location\": \"Kingsville, TX\",\n            \"categories\": [\"colleges\"],\n            \"badges\": [\"outdoor\"]\n        },\n        {\n            \"name\": \"Texas A&M Corpus Christi University\",\n            \"location\": \"Corpus Christi, TX\",\n            \"categories\": [\"colleges\"],\n            \"badges\": [\"outdoor\"]\n        },\n        {\n            \"name\": \"Corban College\",\n            \"location\": \"Salem, OR\",\n            \"categories\": [\"colleges\"],\n            \"badges\": [\"outdoor\"]\n        },\n        {\n            \"name\": \"Bushnell College\",\n            \"location\": \"Eugene, OR\",\n            \"categories\": [\"colleges\"],\n            \"badges\": [\"outdoor\"]\n        },\n        {\n            \"name\": \"De Anza College\",\n            \"location\": \"Cupertino, CA\",\n            \"categories\": [\"colleges\"],\n            \"badges\": [\"outdoor\"]\n        },\n        {\n            \"name\": \"The Master's College\",\n            \"location\": \"Santa Clarita, CA\",\n            \"categories\": [\"colleges\"],\n            \"badges\": [\"outdoor\"]\n        },\n        {\n            \"name\": \"Long Beach City College\",\n            \"location\": \"Long Beach, CA\",\n            \"categories\": [\"colleges\"],\n            \"badges\": [\"outdoor\"]\n        },\n        {\n            \"name\": \"West Valley College\",\n            \"location\": \"Saratoga, CA\",\n            \"categories\": [\"colleges\"],\n            \"badges\": [\"outdoor\"]\n        },\n        {\n            \"name\": \"Pepperdine University\",\n            \"location\": \"Malibu, CA\",\n            \"categories\": [\"colleges\"],\n            \"badges\": [\"outdoor\"]\n        },\n        {\n            \"name\": \"Moorpark College\",\n            \"location\": \"Moorpark, CA\",\n            \"categories\": [\"colleges\"],\n            \"badges\": [\"outdoor\"]\n        },\n        {\n            \"name\": \"College of the Siskiyous\",\n            \"location\": \"Weed, CA\",\n            \"categories\": [\"colleges\"],\n            \"badges\": [\"indoor\", \"outdoor\"]\n        },\n        {\n            \"name\": \"Feather River College\",\n            \"location\": \"Quincy, CA\",\n            \"categories\": [\"colleges\"],\n            \"badges\": [\"indoor\", \"outdoor\"]\n        },\n        {\n            \"name\": \"Principia College\",\n            \"location\": \"Elsah, IL\",\n            \"categories\": [\"colleges\"],\n            \"badges\": [\"outdoor\"]\n        },\n        {\n            \"name\": \"Occidental College\",\n            \"location\": \"Los Angeles, CA\",\n            \"categories\": [\"colleges\"],\n            \"badges\": [\"outdoor\"]\n        },\n        {\n            \"name\": \"California State University Sacramento\",\n            \"location\": \"Sacramento, CA\",\n            \"categories\": [\"colleges\"],\n            \"badges\": [\"outdoor\"]\n        },\n        {\n            \"name\": \"UC Berkeley\",\n            \"location\": \"Berkeley, CA\",\n            \"categories\": [\"colleges\"],\n            \"badges\": [\"outdoor\"]\n        },\n        {\n            \"name\": \"University of Oregon\",\n            \"location\": \"Eugene, OR\",\n            \"categories\": [\"colleges\"],\n            \"badges\": [\"outdoor\"]\n        },\n        {\n            \"name\": \"UCLA\",\n            \"location\": \"Los Angeles, CA\",\n            \"categories\": [\"colleges\"],\n            \"badges\": [\"outdoor\", \"sand supplier\"]\n        },\n        {\n            \"name\": \"USC\",\n            \"location\": \"Los Angeles, CA\",\n            \"categories\": [\"colleges\"],\n            \"badges\": [\"outdoor\"]\n        },\n        {\n            \"name\": \"University of Alabama Birmingham\",\n            \"location\": \"Birmingham, AL\",\n            \"categories\": [\"colleges\"],\n            \"badges\": [\"outdoor\"]\n        },\n        {\n            \"name\": \"University Louisiana Monroe\",\n            \"location\": \"Monroe, LA\",\n            \"categories\": [\"colleges\"],\n            \"badges\": [\"outdoor\"]\n        },\n        {\n            \"name\": \"University of North Alabama\",\n            \"location\": \"Florence, AL\",\n            \"categories\": [\"colleges\"],\n            \"badges\": [\"outdoor\"]\n        },\n        {\n            \"name\": \"Missouri State University\",\n            \"location\": \"Springfield, MO\",\n            \"categories\": [\"colleges\"],\n            \"badges\": [\"outdoor\"]\n        },\n        {\n            \"name\": \"University of Arizona\",\n            \"location\": \"Tucson, AZ\",\n            \"categories\": [\"colleges\"],\n            \"badges\": [\"outdoor\"]\n        },\n        {\n            \"name\": \"University of South Carolina\",\n            \"location\": \"Columbia, SC\",\n            \"categories\": [\"colleges\"],\n            \"badges\": [\"outdoor\"]\n        },\n        {\n            \"name\": \"Liberty University\",\n            \"location\": \"Lynchburg, VA\",\n            \"categories\": [\"colleges\"],\n            \"badges\": [\"outdoor\"]\n        },\n        {\n            \"name\": \"Tusculum University\",\n            \"location\": \"Greeneville, TN\",\n            \"categories\": [\"colleges\"],\n            \"badges\": [\"outdoor\"]\n        },\n        {\n            \"name\": \"Sierra College\",\n            \"location\": \"Rocklin, CA\",\n            \"categories\": [\"colleges\"],\n            \"badges\": [\"indoor\", \"outdoor\"]\n        },\n        {\n            \"name\": \"Eckerd University\",\n            \"location\": \"St. Petersburg, FL\",\n            \"categories\": [\"colleges\"],\n            \"badges\": [\"outdoor\"]\n        },\n        {\n            \"name\": \"Cosumnes River College\",\n            \"location\": \"Sacramento, CA\",\n            \"categories\": [\"colleges\"],\n            \"badges\": [\"outdoor\"]\n        },\n        {\n            \"name\": \"Arizona State University\",\n            \"location\": \"Tempe, AZ\",\n            \"categories\": [\"colleges\"],\n            \"badges\": [\"outdoor\"]\n        },\n        {\n            \"name\": \"Spike and Serve Volleyball Club\",\n            \"location\": \"Honolulu, HI\",\n            \"categories\": [\"clubs\"],\n            \"badges\": [\"indoor\", \"outdoor\"]\n        },\n        {\n            \"name\": \"Hive Volleyball\",\n            \"location\": \"Farmington, UT\",\n            \"categories\": [\"clubs\"],\n            \"badges\": [\"indoor\"]\n        },\n        {\n            \"name\": \"Cedar Park Christian\",\n            \"location\": \"Bothell, WA\",\n            \"categories\": [\"clubs\"],\n            \"badges\": [\"indoor\"]\n        },\n        {\n            \"name\": \"Next Level\",\n            \"location\": \"Texas\",\n            \"categories\": [\"clubs\"],\n            \"badges\": [\"indoor\"]\n        },\n        {\n            \"name\": \"Wave Volleyball Club\",\n            \"location\": \"Bradenton, FL\",\n            \"categories\": [\"clubs\"],\n            \"badges\": [\"indoor\", \"outdoor\"]\n        },\n        {\n            \"name\": \"Country Fire Volleyball Club\",\n            \"location\": \"Texas\",\n            \"categories\": [\"clubs\"],\n            \"badges\": [\"indoor\", \"outdoor\"]\n        },\n        {\n            \"name\": \"Mad Frog\",\n            \"location\": \"North Texas\",\n            \"categories\": [\"clubs\"],\n            \"badges\": [\"indoor\", \"outdoor\"]\n        },\n        {\n            \"name\": \"Washington Volleyball Academy\",\n            \"location\": \"Washington\",\n            \"categories\": [\"clubs\"],\n            \"badges\": [\"indoor\"]\n        },\n        {\n            \"name\": \"South Texas Volleyball Academy\",\n            \"location\": \"Texas\",\n            \"categories\": [\"clubs\"],\n            \"badges\": [\"indoor\"]\n        },\n        {\n            \"name\": \"Northern Virginia Volleyball Club\",\n            \"location\": \"Virginia\",\n            \"categories\": [\"clubs\"],\n            \"badges\": [\"indoor\"]\n        },\n        {\n            \"name\": \"Baxter Jacks Volleyball Club\",\n            \"location\": \"Louisville, KY\",\n            \"categories\": [\"clubs\"],\n            \"badges\": [\"indoor\"]\n        },\n        {\n            \"name\": \"The Beach YYC\",\n            \"location\": \"Calgary, Canada\",\n            \"categories\": [\"clubs\"],\n            \"badges\": [\"indoor\"]\n        },\n        {\n            \"name\": \"Tsunami Volleyball\",\n            \"location\": \"South Florida\",\n            \"categories\": [\"clubs\"],\n            \"badges\": [\"indoor\"]\n        },\n        {\n            \"name\": \"Albuquerque Rebels Volleyball Club\",\n            \"location\": \"Albuquerque, NM\",\n            \"categories\": [\"clubs\"],\n            \"badges\": [\"indoor\"]\n        },\n        {\n            \"name\": \"BVCA (Beach Volleyball Clubs of America)\",\n            \"location\": \"National Organization\",\n            \"categories\": [\"clubs\"],\n            \"badges\": [\"outdoor\"]\n        },\n        {\n            \"name\": \"Hickory Point / Lake County\",\n            \"location\": \"Tavares, FL\",\n            \"categories\": [\"facilities\"],\n            \"badges\": [\"outdoor\"]\n        },\n        {\n            \"name\": \"Miami Beach Volleyball Facility\",\n            \"location\": \"Miami, FL\",\n            \"categories\": [\"facilities\"],\n            \"badges\": [\"outdoor\"]\n        },\n        {\n            \"name\": \"King Louis Volleyball Facility\",\n            \"location\": \"USA\",\n            \"categories\": [\"facilities\"],\n            \"badges\": [\"outdoor\"]\n        },\n        {\n            \"name\": \"Setter Volleyball Facility\",\n            \"location\": \"Cincinnati, OH\",\n            \"categories\": [\"facilities\"],\n            \"badges\": [\"outdoor\"]\n        },\n        {\n            \"name\": \"Grand Sand Volleyball\",\n            \"location\": \"Westfield, IN\",\n            \"categories\": [\"facilities\"],\n            \"badges\": [\"outdoor\"]\n        },\n        {\n            \"name\": \"The Beach at Craig Ranch\",\n            \"location\": \"McKinney, TX\",\n            \"categories\": [\"facilities\"],\n            \"badges\": [\"outdoor\"]\n        },\n        {\n            \"name\": \"Craig Ranch\",\n            \"location\": \"McKinney, TX\",\n            \"categories\": [\"facilities\"],\n            \"badges\": [\"indoor\"]\n        },\n        {\n            \"name\": \"The Legacy Sports Complex\",\n            \"location\": \"Phoenix, AZ\",\n            \"categories\": [\"facilities\"],\n            \"badges\": [\"outdoor\"]\n        },\n        {\n            \"name\": \"Lake Point\",\n            \"location\": \"Cartersville, GA\",\n            \"categories\": [\"facilities\"],\n            \"badges\": [\"outdoor\"]\n        },\n        {\n            \"name\": \"The SandBar\",\n            \"location\": \"North Salt Lake, UT\",\n            \"categories\": [\"facilities\"],\n            \"badges\": [\"outdoor\"]\n        },\n        {\n            \"name\": \"4th Ave Beach\",\n            \"location\": \"USA\",\n            \"categories\": [\"facilities\"],\n            \"badges\": [\"indoor\"]\n        },\n        {\n            \"name\": \"QBK Sports Beach\",\n            \"location\": \"Long Island City, NY\",\n            \"categories\": [\"facilities\"],\n            \"badges\": [\"indoor\"]\n        },\n        {\n            \"name\": \"Sudden Impact\",\n            \"location\": \"USA\",\n            \"categories\": [\"facilities\"],\n            \"badges\": [\"indoor\"]\n        },\n        {\n            \"name\": \"John Hunt Park\",\n            \"location\": \"Huntsville, AL\",\n            \"categories\": [\"facilities\"],\n            \"badges\": [\"outdoor\"]\n        },\n        {\n            \"name\": \"Youngsville Sports Complex\",\n            \"location\": \"Youngsville, NC\",\n            \"categories\": [\"facilities\"],\n            \"badges\": [\"indoor\", \"outdoor\"]\n        },\n        {\n            \"name\": \"Highline Sports Facility (Great American Sports Center)\",\n            \"location\": \"USA\",\n            \"categories\": [\"facilities\"],\n            \"badges\": [\"indoor\"]\n        },\n        {\n            \"name\": \"6pack Beach\",\n            \"location\": \"California\",\n            \"categories\": [\"facilities\"],\n            \"badges\": [\"indoor\"]\n        },\n        {\n            \"name\": \"Dakine\",\n            \"location\": \"Seattle, WA\",\n            \"categories\": [\"facilities\"],\n            \"badges\": [\"indoor\", \"outdoor\"]\n        },\n        {\n            \"name\": \"Outrigger Canoe Club\",\n            \"location\": \"Honolulu, HI\",\n            \"categories\": [\"organizations\"],\n            \"badges\": [\"outdoor\"]\n        },\n        {\n            \"name\": \"American Volleyball Coaches Association\",\n            \"location\": \"USA\",\n            \"categories\": [\"organizations\"],\n            \"badges\": [\"outdoor\"]\n        },\n        {\n            \"name\": \"ABCDEM Sports Ltd.\",\n            \"location\": \"Canada\",\n            \"categories\": [\"organizations\"],\n            \"badges\": [\"indoor\"]\n        },\n        {\n            \"name\": \"Pixar Campus\",\n            \"location\": \"Emeryville, CA\",\n            \"categories\": [\"corporate\"],\n            \"badges\": [\"outdoor\", \"sand supplier\"]\n        },\n        {\n            \"name\": \"NASA Campus\",\n            \"location\": \"Houston, TX\",\n            \"categories\": [\"corporate\"],\n            \"badges\": [\"outdoor\", \"sand supplier\"]\n        },\n        {\n            \"name\": \"Google Campus\",\n            \"location\": \"Kirkland, WA\",\n            \"categories\": [\"corporate\"],\n            \"badges\": [\"outdoor\", \"sand supplier\"]\n        }\n    ]\n}\n</script>\n"
}