{
  "components/custom/its-schema": "<script type=\"application/ld+json\">\n    {\n        \"@context\": \"http://schema.org\",\n        \"@type\": \"LocalBusiness\",\n        \"address\": {\n            \"@type\": \"PostalAddress\",\n            \"addressLocality\": \"\",\n            \"addressRegion\": \"\",\n            \"postalCode\": \"\",\n            \"streetAddress\": \"\"\n        },\n        \"description\": \"\",\n        \"name\": \"{{settings.store_name}}\",\n        \"url\":\"{{urls.home}}\",\n        \"telephone\": \"{{settings.phone_number}}\",\n        \"image\": \"{{getImage settings.store_logo.image 'logo_size'}}\"\n    }\n    </script>\n    <script type=\"application/ld+json\">\n    {\n        \"@context\": \"http://schema.org\",\n        \"@type\": \"WebSite\",\n        \"url\": \"{{urls.home}}\",\n        \"potentialAction\": {\n            \"@type\": \"SearchAction\",\n            \"target\": \"{{urls.home}}search.php?search_query={search_term_string}\",\n            \"query-input\": \"required name=search_term_string\"\n        }\n    }\n    </script>\n    <script type=\"application/ld+json\">\n    {\n        \"@context\": \"http://schema.org\",\n        \"@type\": \"Organization\",\n        \"url\": \"{{urls.home}}\",\n        \"logo\": \"{{getImage settings.store_logo.image 'logo_size'}}\"\n    }\n</script>\n{{#if page_type '==' 'blog_post'}}\n    <script type=\"application/ld+json\">\n        {\n            \"@context\": \"https://schema.org\",\n            \"@type\": \"BlogPosting\",\n            \"mainEntityOfPage\": \"{{blog.post.url}}\",\n            {{#if blog.post.thumbnail}}\n                \"image\": \"{{getImage blog.post.thumbnail 'theme_settings.blog_size'}}\",\n                {{else}}\n                    \"image\": \"{{getImage settings.store_logo.image 'logo_size'}}\",\n            {{/if}}\n            \"headline\": \"{{blog.post.title}}\",\n            {{#if blog.post.author}}\n                \"author\": {\n                    \"@type\": \"Person\",\n                    \"name\": \"{{blog.post.author}}\"\n                },\n            {{/if}}\n            \"publisher\": {\n                \"@type\": \"Organization\",\n                \"name\": \"{{settings.store_name}}\"\n            },\n            \"datePublished\": \"{{blog.post.date_published}}\",\n            \"articleBody\": \"{{blog.post.body}}\"\n        }\n    </script>\n{{/if}}\n{{#if page_type '==' 'product'}}\n<script type=\"application/ld+json\">\n{\n    \"@context\": \"https://schema.org/\",\n    \"@type\": \"Product\",\n    \"name\": \"{{product.title}}\",\n    \"image\": [\n        \"{{getImage product.main_image 'zoom_size'}}\"\n    ],\n    \"description\": \"{{product.description}}\",\n    \"sku\": \"{{product.sku}}\",\n    \"brand\": {\n        \"@type\": \"Brand\",\n        \"name\": \"{{product.brand.name}}\"\n    },\n    \"offers\": {\n        \"@type\": \"Offer\",\n        \"priceCurrency\": \"{{currency_selector.active_currency_code}}\",\n        \"price\": \"{{product.price.value}}\",\n        \"availability\": \"https://schema.org/{{#if product.in_stock}}InStock{{else}}OutOfStock{{/if}}\",\n        \"url\": \"{{product.url}}\"\n    }\n}\n</script>\n{{/if}}\n"
}