{
  "pages/custom/page/volleyball-nets-buying-guide-new": "---\npage_type: volleyball-nets-buying-guide\n---\n\n{{#partial \"head\"}}\n    {{!-- SEO Meta Tags --}}\n    <meta name=\"description\" content=\"Expert volleyball net buying guide by VolleyballUSA. Learn about materials, cables, netting thickness, and features to choose the perfect net for indoor, outdoor, or professional use.\">\n    <meta name=\"keywords\" content=\"volleyball net buying guide, Kevlar cable nets, steel cable volleyball nets, vinyl border weights, professional volleyball nets, outdoor volleyball nets\">\n    \n    {{!-- Open Graph tags for social sharing --}}\n    <meta property=\"og:title\" content=\"Volleyball Net Buying Guide - Expert Advice | VolleyballUSA\">\n    <meta property=\"og:description\" content=\"Professional guide to choosing volleyball nets. Learn about Kevlar vs steel cables, netting thickness, vinyl weights, and features from the experts at VolleyballUSA.\">\n    <meta property=\"og:type\" content=\"article\">\n    <meta property=\"og:url\" content=\"{{urls.canonical}}\">\n    <meta property=\"og:image\" content=\"{{cdn 'assets/img/guide/volleyball-net-hero.jpg'}}\">\n    \n    {{!-- Twitter Card tags --}}\n    <meta name=\"twitter:card\" content=\"summary_large_image\">\n    <meta name=\"twitter:title\" content=\"Volleyball Net Buying Guide - Expert Advice | VolleyballUSA\">\n    <meta name=\"twitter:description\" content=\"Professional guide to choosing volleyball nets from materials to features.\">\n    <meta name=\"twitter:image\" content=\"{{cdn 'assets/img/guide/volleyball-net-hero.jpg'}}\">\n    \n    {{!-- Structured Data for SEO --}}\n    <script type=\"application/ld+json\">\n    {\n        \"@context\": \"https://schema.org\",\n        \"@type\": \"Article\",\n        \"headline\": \"Volleyball Net Buying Guide\",\n        \"description\": \"Expert guide to choosing the right volleyball net with detailed information about materials, cables, and features.\",\n        \"author\": {\n            \"@type\": \"Organization\",\n            \"name\": \"VolleyballUSA\"\n        },\n        \"publisher\": {\n            \"@type\": \"Organization\",\n            \"name\": \"VolleyballUSA\",\n            \"logo\": {\n                \"@type\": \"ImageObject\",\n                \"url\": \"{{cdn 'assets/img/VBUSA-Shield.png'}}\"\n            }\n        },\n        \"datePublished\": \"2025-09-04\",\n        \"dateModified\": \"2025-09-04\",\n        \"image\": \"{{cdn 'assets/img/guide/volleyball-net-hero.jpg'}}\"\n    }\n    </script>\n\n    {{!-- Critical CSS for CLS prevention and readability --}}\n    <style>\n        /* Modern, readable buying guide styles */\n        .guide-page {\n            font-family: -apple-system, BlinkMacSystemFont, 'Segoe UI', Roboto, sans-serif;\n            line-height: 1.6;\n            color: #1f2937;\n            background: #ffffff;\n        }\n        \n        .guide-hero {\n            min-height: 500px;\n            background: linear-gradient(135deg, #059669 0%, #047857 100%);\n            color: white;\n            display: flex;\n            align-items: center;\n            position: relative;\n            overflow: hidden;\n        }\n        \n        .guide-hero::before {\n            content: '';\n            position: absolute;\n            top: 0;\n            left: 0;\n            right: 0;\n            bottom: 0;\n            background: url('{{cdn \"assets/img/guide/volleyball-net-hero.jpg\"}}') center/cover;\n            opacity: 0.15;\n            z-index: 1;\n        }\n        \n        .guide-hero .container {\n            position: relative;\n            z-index: 2;\n        }\n        \n        .guide-content {\n            max-width: 800px;\n            margin: 0 auto;\n            padding: 0 1rem;\n        }\n        \n        .guide-section {\n            padding: 4rem 0;\n            min-height: 200px;\n        }\n        \n        .guide-section:nth-child(even) {\n            background: #f8fafc;\n        }\n        \n        .guide-card {\n            background: white;\n            border-radius: 12px;\n            padding: 2rem;\n            box-shadow: 0 4px 6px rgba(0, 0, 0, 0.05);\n            margin-bottom: 2rem;\n            border: 1px solid #e5e7eb;\n        }\n        \n        .guide-grid {\n            display: grid;\n            grid-template-columns: repeat(auto-fit, minmax(280px, 1fr));\n            gap: 2rem;\n            margin: 2rem 0;\n        }\n        \n        .guide-table {\n            overflow-x: auto;\n            margin: 2rem 0;\n            border-radius: 12px;\n            box-shadow: 0 4px 6px rgba(0, 0, 0, 0.05);\n        }\n        \n        .guide-table table {\n            width: 100%;\n            border-collapse: collapse;\n            background: white;\n        }\n        \n        .guide-table th,\n        .guide-table td {\n            padding: 1rem;\n            text-align: left;\n            border-bottom: 1px solid #e5e7eb;\n            font-size: 0.95rem;\n        }\n        \n        .guide-table th {\n            background: #059669;\n            color: white;\n            font-weight: 600;\n            font-size: 0.9rem;\n        }\n        \n        .guide-table tr:hover {\n            background: #f8fafc;\n        }\n        \n        .guide-highlight {\n            background: #ecfdf5;\n            border: 1px solid #10b981;\n            border-radius: 8px;\n            padding: 1.5rem;\n            margin: 2rem 0;\n        }\n        \n        .guide-highlight h4 {\n            color: #059669;\n            margin: 0 0 0.5rem 0;\n            font-weight: 600;\n        }\n        \n        .guide-cta {\n            background: #059669;\n            color: white;\n            padding: 3rem 2rem;\n            border-radius: 12px;\n            text-align: center;\n            margin: 3rem 0;\n        }\n        \n        .guide-btn {\n            display: inline-block;\n            background: white;\n            color: #059669;\n            padding: 1rem 2rem;\n            border-radius: 8px;\n            text-decoration: none;\n            font-weight: 600;\n            margin: 0.5rem;\n            transition: transform 0.2s ease;\n        }\n        \n        .guide-btn:hover {\n            transform: translateY(-2px);\n            color: #059669;\n        }\n        \n        .guide-btn--outline {\n            background: transparent;\n            color: white;\n            border: 2px solid white;\n        }\n        \n        .guide-btn--outline:hover {\n            background: white;\n            color: #059669;\n        }\n        \n        h1, h2, h3, h4 {\n            color: #1f2937;\n            font-weight: 700;\n            margin-bottom: 1rem;\n        }\n        \n        h1 { font-size: 2.5rem; line-height: 1.2; }\n        h2 { font-size: 2rem; line-height: 1.3; }\n        h3 { font-size: 1.5rem; line-height: 1.4; }\n        h4 { font-size: 1.25rem; line-height: 1.4; }\n        \n        .guide-hero h1 {\n            color: white;\n            font-size: 3rem;\n            margin-bottom: 1rem;\n        }\n        \n        .guide-hero p {\n            font-size: 1.25rem;\n            opacity: 0.95;\n            max-width: 600px;\n        }\n        \n        p, li {\n            font-size: 1.05rem;\n            line-height: 1.7;\n            margin-bottom: 1rem;\n        }\n        \n        ul, ol {\n            padding-left: 1.5rem;\n            margin-bottom: 1.5rem;\n        }\n        \n        li {\n            margin-bottom: 0.5rem;\n        }\n        \n        strong {\n            font-weight: 600;\n            color: #059669;\n        }\n        \n        @media (max-width: 768px) {\n            .guide-hero h1 { font-size: 2rem; }\n            .guide-hero p { font-size: 1.1rem; }\n            h2 { font-size: 1.75rem; }\n            h3 { font-size: 1.25rem; }\n            .guide-grid { grid-template-columns: 1fr; gap: 1rem; }\n            .guide-card { padding: 1.5rem; }\n            .guide-section { padding: 3rem 0; }\n            .guide-table th, .guide-table td { padding: 0.75rem 0.5rem; font-size: 0.9rem; }\n        }\n    </style>\n{{/partial}}\n\n<div class=\"guide-page\">\n    {{!-- Hero Section --}}\n    <section class=\"guide-hero\">\n        <div class=\"container\">\n            <div class=\"guide-content\">\n                <h1>Volleyball Net Buying Guide</h1>\n                <p>Expert advice to help you choose the perfect volleyball net for indoor, outdoor, or professional use. Learn about materials, features, and what makes a quality net.</p>\n            </div>\n        </div>\n    </section>\n\n    {{!-- Quick Navigation --}}\n    <section class=\"guide-section\">\n        <div class=\"container\">\n            <div class=\"guide-content\">\n                <div class=\"guide-card\">\n                    <h2>Quick Navigation</h2>\n                    <div class=\"guide-grid\">\n                        <div>\n                            <h4>🏐 Net Basics</h4>\n                            <ul>\n                                <li><a href=\"#materials\">Materials & Construction</a></li>\n                                <li><a href=\"#regulations\">Regulation Standards</a></li>\n                                <li><a href=\"#features\">Key Features</a></li>\n                            </ul>\n                        </div>\n                        <div>\n                            <h4>🎯 Choosing Nets</h4>\n                            <ul>\n                                <li><a href=\"#indoor-outdoor\">Indoor vs Outdoor</a></li>\n                                <li><a href=\"#recommendations\">Our Recommendations</a></li>\n                                <li><a href=\"#faq\">Frequently Asked Questions</a></li>\n                            </ul>\n                        </div>\n                    </div>\n                </div>\n            </div>\n        </div>\n    </section>\n\n    {{!-- Materials Section --}}\n    <section id=\"materials\" class=\"guide-section\">\n        <div class=\"container\">\n            <div class=\"guide-content\">\n                <h2>Understanding Net Materials & Construction</h2>\n                \n                <div class=\"guide-card\">\n                    <h3>Cable Types: Kevlar vs Steel</h3>\n                    <p>The cable running through the top of your volleyball net is crucial for durability and performance. Here's what you need to know:</p>\n                    \n                    <div class=\"guide-table\">\n                        <table>\n                            <thead>\n                                <tr>\n                                    <th>Cable Type</th>\n                                    <th>Best For</th>\n                                    <th>Pros</th>\n                                    <th>Cons</th>\n                                </tr>\n                            </thead>\n                            <tbody>\n                                <tr>\n                                    <td><strong>Kevlar Cable</strong></td>\n                                    <td>Indoor, Professional</td>\n                                    <td>Lightweight, corrosion-resistant, consistent tension</td>\n                                    <td>Higher cost, requires careful handling</td>\n                                </tr>\n                                <tr>\n                                    <td><strong>Steel Cable</strong></td>\n                                    <td>Outdoor, Heavy Use</td>\n                                    <td>Extremely durable, lower cost, easy to repair</td>\n                                    <td>Heavier, can rust if not coated</td>\n                                </tr>\n                            </tbody>\n                        </table>\n                    </div>\n                </div>\n\n                <div class=\"guide-card\">\n                    <h3>Netting Thickness & Quality</h3>\n                    <p>Net thickness is measured in denier (D), which indicates the weight and durability of the netting material:</p>\n                    \n                    <ul>\n                        <li><strong>2.5mm - 3mm thickness:</strong> Professional grade, tournament quality</li>\n                        <li><strong>2mm thickness:</strong> Good for regular play, clubs, and schools</li>\n                        <li><strong>1.5mm thickness:</strong> Recreational use, lighter play</li>\n                        <li><strong>1mm thickness:</strong> Budget option, minimal use only</li>\n                    </ul>\n                    \n                    <div class=\"guide-highlight\">\n                        <h4>💡 Pro Tip</h4>\n                        <p>Always check the netting material - polyethylene (PE) is weather-resistant and ideal for outdoor use, while nylon offers excellent durability for indoor courts.</p>\n                    </div>\n                </div>\n\n                <div class=\"guide-card\">\n                    <h3>Vinyl Border Weights</h3>\n                    <p>The vinyl border at the bottom of your net serves multiple purposes:</p>\n                    \n                    <ul>\n                        <li><strong>Weight Distribution:</strong> Keeps net hanging properly and prevents billowing</li>\n                        <li><strong>Durability:</strong> Protects bottom edge from wear and tear</li>\n                        <li><strong>Professional Appearance:</strong> Creates clean, straight lines during play</li>\n                    </ul>\n                    \n                    <p>Look for nets with <strong>full-width vinyl borders</strong> rather than just weighted corners for best performance.</p>\n                </div>\n            </div>\n        </div>\n    </section>\n\n    {{!-- Regulations Section --}}\n    <section id=\"regulations\" class=\"guide-section\">\n        <div class=\"container\">\n            <div class=\"guide-content\">\n                <h2>Official Regulation Standards</h2>\n                \n                <div class=\"guide-card\">\n                    <h3>FIVB/USA Volleyball Specifications</h3>\n                    \n                    <div class=\"guide-table\">\n                        <table>\n                            <thead>\n                                <tr>\n                                    <th>Specification</th>\n                                    <th>Indoor/Professional</th>\n                                    <th>Outdoor/Beach</th>\n                                </tr>\n                            </thead>\n                            <tbody>\n                                <tr>\n                                    <td><strong>Net Height (Men)</strong></td>\n                                    <td>2.43m (7'11⅝\")</td>\n                                    <td>2.43m (7'11⅝\")</td>\n                                </tr>\n                                <tr>\n                                    <td><strong>Net Height (Women)</strong></td>\n                                    <td>2.24m (7'4⅛\")</td>\n                                    <td>2.24m (7'4⅛\")</td>\n                                </tr>\n                                <tr>\n                                    <td><strong>Net Width</strong></td>\n                                    <td>9.5m (31'2\")</td>\n                                    <td>8.5m (27'11\")</td>\n                                </tr>\n                                <tr>\n                                    <td><strong>Net Depth</strong></td>\n                                    <td>1m (39\")</td>\n                                    <td>1m (39\")</td>\n                                </tr>\n                                <tr>\n                                    <td><strong>Mesh Size</strong></td>\n                                    <td>10cm x 10cm (4\" x 4\")</td>\n                                    <td>10cm x 10cm (4\" x 4\")</td>\n                                </tr>\n                            </tbody>\n                        </table>\n                    </div>\n                    \n                    <div class=\"guide-highlight\">\n                        <h4>⚠️ Important Note</h4>\n                        <p>For official competition, ensure your net meets FIVB or USA Volleyball certification standards. Tournament directors may check net specifications before play begins.</p>\n                    </div>\n                </div>\n            </div>\n        </div>\n    </section>\n\n    {{!-- Features Section --}}\n    <section id=\"features\" class=\"guide-section\">\n        <div class=\"container\">\n            <div class=\"guide-content\">\n                <h2>Essential Net Features</h2>\n                \n                <div class=\"guide-grid\">\n                    <div class=\"guide-card\">\n                        <h3>🎯 Antenna Sleeves</h3>\n                        <p>Look for reinforced antenna sleeves at both ends. These prevent tearing and ensure proper antenna placement for official play.</p>\n                        <ul>\n                            <li>Double-stitched reinforcement</li>\n                            <li>Proper sizing for standard antennas</li>\n                            <li>Weather-resistant materials</li>\n                        </ul>\n                    </div>\n                    \n                    <div class=\"guide-card\">\n                        <h3>🔗 Attachment Systems</h3>\n                        <p>Quality nets feature multiple attachment options for different pole systems:</p>\n                        <ul>\n                            <li>Grommet holes for rope threading</li>\n                            <li>Hook and loop fasteners</li>\n                            <li>Quick-release clips for easy setup</li>\n                        </ul>\n                    </div>\n                    \n                    <div class=\"guide-card\">\n                        <h3>🌟 Top Band Construction</h3>\n                        <p>The top band should be reinforced for cable protection and durability:</p>\n                        <ul>\n                            <li>Double-fold construction</li>\n                            <li>Reinforced stitching</li>\n                            <li>Cable protection sleeve</li>\n                        </ul>\n                    </div>\n                    \n                    <div class=\"guide-card\">\n                        <h3>🏆 Official Markings</h3>\n                        <p>Tournament-grade nets include proper marking systems:</p>\n                        <ul>\n                            <li>Center line indicators</li>\n                            <li>Height measurement guides</li>\n                            <li>FIVB/USA Volleyball certification</li>\n                        </ul>\n                    </div>\n                </div>\n            </div>\n        </div>\n    </section>\n\n    {{!-- Indoor vs Outdoor Section --}}\n    <section id=\"indoor-outdoor\" class=\"guide-section\">\n        <div class=\"container\">\n            <div class=\"guide-content\">\n                <h2>Indoor vs Outdoor Volleyball Nets</h2>\n                \n                <div class=\"guide-grid\">\n                    <div class=\"guide-card\">\n                        <h3>🏢 Indoor Nets</h3>\n                        <h4>Best Features:</h4>\n                        <ul>\n                            <li><strong>Kevlar cables</strong> for consistent tension</li>\n                            <li><strong>Finer netting</strong> (2.5-3mm) for professional feel</li>\n                            <li><strong>Lighter construction</strong> for easy handling</li>\n                            <li><strong>Precision sizing</strong> for regulation compliance</li>\n                        </ul>\n                        \n                        <h4>Considerations:</h4>\n                        <ul>\n                            <li>Controlled environment means less weather resistance needed</li>\n                            <li>Focus on performance over durability</li>\n                            <li>Professional appearance important</li>\n                        </ul>\n                    </div>\n                    \n                    <div class=\"guide-card\">\n                        <h3>🌞 Outdoor Nets</h3>\n                        <h4>Best Features:</h4>\n                        <ul>\n                            <li><strong>Steel cables</strong> for weather resistance</li>\n                            <li><strong>Thicker netting</strong> (2-3mm) for durability</li>\n                            <li><strong>UV protection</strong> in materials</li>\n                            <li><strong>Reinforced borders</strong> for longevity</li>\n                        </ul>\n                        \n                        <h4>Considerations:</h4>\n                        <ul>\n                            <li>Must withstand sun, rain, and temperature changes</li>\n                            <li>Durability is priority over precision</li>\n                            <li>Easy maintenance and cleaning important</li>\n                        </ul>\n                    </div>\n                </div>\n                \n                <div class=\"guide-highlight\">\n                    <h4>🔄 Hybrid Option</h4>\n                    <p>Many facilities choose nets designed for both indoor and outdoor use. These feature weather-resistant materials with professional-grade construction, perfect for gymnasiums that also host outdoor events.</p>\n                </div>\n            </div>\n        </div>\n    </section>\n\n    {{!-- Recommendations Section --}}\n    <section id=\"recommendations\" class=\"guide-section\">\n        <div class=\"container\">\n            <div class=\"guide-content\">\n                <h2>Our Expert Recommendations</h2>\n                \n                <div class=\"guide-grid\">\n                    <div class=\"guide-card\">\n                        <h3>🏆 Professional/Tournament</h3>\n                        <h4>What to Look For:</h4>\n                        <ul>\n                            <li>FIVB or USA Volleyball certification</li>\n                            <li>Kevlar cable construction</li>\n                            <li>3mm professional-grade netting</li>\n                            <li>Full vinyl border with proper weighting</li>\n                            <li>Reinforced antenna sleeves</li>\n                        </ul>\n                        <p><strong>Budget:</strong> $150-300+</p>\n                    </div>\n                    \n                    <div class=\"guide-card\">\n                        <h3>🏫 School/Club Level</h3>\n                        <h4>What to Look For:</h4>\n                        <ul>\n                            <li>Steel cable for durability</li>\n                            <li>2-2.5mm netting thickness</li>\n                            <li>Good vinyl border coverage</li>\n                            <li>Multiple attachment options</li>\n                            <li>Balance of quality and cost</li>\n                        </ul>\n                        <p><strong>Budget:</strong> $75-150</p>\n                    </div>\n                    \n                    <div class=\"guide-card\">\n                        <h3>🌞 Outdoor/Recreational</h3>\n                        <h4>What to Look For:</h4>\n                        <ul>\n                            <li>Weather-resistant materials</li>\n                            <li>UV protection</li>\n                            <li>Steel cable construction</li>\n                            <li>Easy setup and takedown</li>\n                            <li>Portable storage options</li>\n                        </ul>\n                        <p><strong>Budget:</strong> $50-125</p>\n                    </div>\n                    \n                    <div class=\"guide-card\">\n                        <h3>🏡 Backyard/Beach</h3>\n                        <h4>What to Look For:</h4>\n                        <ul>\n                            <li>Lightweight construction</li>\n                            <li>Quick-setup features</li>\n                            <li>Carrying case included</li>\n                            <li>Adjustable height options</li>\n                            <li>Family-friendly design</li>\n                        </ul>\n                        <p><strong>Budget:</strong> $25-75</p>\n                    </div>\n                </div>\n            </div>\n        </div>\n    </section>\n\n    {{!-- FAQ Section --}}\n    <section id=\"faq\" class=\"guide-section\">\n        <div class=\"container\">\n            <div class=\"guide-content\">\n                <h2>Frequently Asked Questions</h2>\n                \n                <div class=\"guide-card\">\n                    <h3>How long should a volleyball net last?</h3>\n                    <p>A quality indoor net should last 3-5 years with regular use. Outdoor nets typically last 1-3 years depending on weather exposure and material quality. Professional tournament nets may be replaced more frequently to maintain optimal performance.</p>\n                </div>\n                \n                <div class=\"guide-card\">\n                    <h3>Can I use an indoor net outdoors?</h3>\n                    <p>While possible, it's not recommended for extended outdoor use. Indoor nets typically lack UV protection and weather-resistant materials, leading to faster deterioration. For occasional outdoor use, an indoor net may suffice, but invest in an outdoor-specific net for regular use.</p>\n                </div>\n                \n                <div class=\"guide-card\">\n                    <h3>What's the difference between Kevlar and steel cables?</h3>\n                    <p>Kevlar cables are lighter, don't rust, and maintain consistent tension but cost more and require careful handling. Steel cables are more durable, cost-effective, and easier to repair but are heavier and can corrode if not properly coated.</p>\n                </div>\n                \n                <div class=\"guide-card\">\n                    <h3>How do I properly maintain my volleyball net?</h3>\n                    <p>Regular maintenance includes: checking cable tension, inspecting for fraying or damage, cleaning with mild soap and water, proper storage when not in use, and replacing worn components before they fail completely.</p>\n                </div>\n                \n                <div class=\"guide-card\">\n                    <h3>Do I need antennas for recreational play?</h3>\n                    <p>Antennas aren't required for recreational play but add authenticity and help players understand court boundaries. For any competitive or training play, antennas are highly recommended and required for official games.</p>\n                </div>\n            </div>\n        </div>\n    </section>\n\n    {{!-- Call to Action --}}\n    <section class=\"guide-section\">\n        <div class=\"container\">\n            <div class=\"guide-content\">\n                <div class=\"guide-cta\">\n                    <h2>Ready to Choose Your Perfect Net?</h2>\n                    <p>Browse our complete selection of professional volleyball nets, or contact our experts for personalized recommendations.</p>\n                    <div>\n                        <a href=\"/volleyball-nets/\" class=\"guide-btn\">Shop Volleyball Nets</a>\n                        <a href=\"/contact/\" class=\"guide-btn guide-btn--outline\">Contact Our Experts</a>\n                    </div>\n                </div>\n            </div>\n        </div>\n    </section>\n</div>\n"
}