{
  "components/custom/blog/blog-sidebar-block": "{{assignVar 'key' partial}}\n\n<section class=\"blog-sidebar__block\">\n    <a href=\"##\"\n        data-collapsible=\"{{getVar 'key'}}\"\n        data-collapsible-disabled-breakpoint=\"large\"\n        data-collapsible-disabled-state=\"open\"\n        data-collapsible-enabled-state=\"closed\">\n        <h3 class=\"blog-sidebar__header h1\">\n            <span class=\"blog-sidebar__header-text h3\">{{sidebar_title}}</span>\n            <span class=\"icon icon--chevron-down\">\n                <svg><use xlink:href=\"#icon-chevron-down\"></use></svg>\n            </span>\n        </h3>\n    </a>\n    <div class=\"blog-sidebar__content\" id=\"{{getVar 'key'}}\">\n        {{{dynamicComponent 'components/custom/blog'}}}\n    </div>\n</section>\n",
  "components/custom/blog/blog-recent-post-items": "{{#if is_ajax}}\n    {{#each blog.recent_posts}}\n        <li class=\"blog-sidebar__recent-list-item\">\n            <a href=\"{{url}}\">{{title}}</a>\n        </li>\n    {{/each}}\n{{else}}\n    {{#for 1 5}}\n        <li class=\"blog-sidebar__recent-list-skeleton\">\n            &nbsp;\n        </li>\n    {{/for}}\n{{/if}}\n",
  "components/custom/blog/blog-post": "<article class=\"blog-post\">\n    <header class=\"blog-post__header\">\n        <h1 class=\"blog-post__title\">{{post.title}}</h1>\n        <p class=\"blog-post__date\">{{#if post.author}}{{lang 'blog.posted_by' name=post.author}} on {{/if}}{{post.date_published}}</p>\n    </header>\n    {{!-- <div class=\"blog-post__figure\">\n        {{#if post.thumbnail}}\n            <figure class=\"blog-post__thumbnail\">\n                <a href=\"{{post.url}}\">\n                    {{> components/common/responsive-img\n                        image=post.thumbnail\n                        fallback_size=theme_settings.blog_size\n                        lazyload=theme_settings.lazyload_mode\n                    }}\n                </a>\n            </figure>\n        {{/if}}\n    </div> --}}\n    <div class=\"blog-post__body\">\n        <div class=\"blog-post__content\">\n            {{{post.body}}}\n        </div>\n\n        {{#if show_tags}}\n            {{#if post.tags}}\n                <ul class=\"tags\">\n                    {{#each post.tags}}\n                    <li class=\"tag\">\n                        <a href=\"{{url}}\">#{{name}}</a>\n                    </li>\n                    {{/each}}\n                </ul>\n            {{/if}}\n        {{/if}}\n\n        {{>components/common/share url=post.url}}\n    </div>\n</article>\n",
  "components/custom/blog/blog-sidebar-newsletter": "<form class=\"form blog-sidebar__form\" id=\"blog-sidebar-subscribe\" action=\"{{urls.subscribe.action}}\" method=\"post\">\n    <fieldset class=\"form-fieldset\">\n        <input type=\"hidden\" name=\"action\" value=\"subscribe\">\n        <input type=\"hidden\" name=\"nl_first_name\" value=\"bc\">\n        <input type=\"hidden\" name=\"check\" value=\"1\">\n        <div class=\"form-field\">\n            <label class=\"form-label is-srOnly\" for=\"nl_email\">{{lang 'custom.blog.sidebar.newsletter.heading'}}</label>\n            <div class=\"form-prefixPostfix wrap\">\n                <input class=\"form-input\" id=\"nl_email\" name=\"nl_email\" type=\"email\" value=\"{{customer.email}}\" placeholder=\"{{lang 'custom.blog.sidebar.newsletter.input-placeholder'}}\">\n                <input class=\"button button--primary form-prefixPostfix-button--postfix\" type=\"submit\" value=\"{{lang 'custom.blog.sidebar.newsletter.button-text'}}\">\n            </div>\n        </div>\n    </fieldset>\n</form>\n",
  "components/custom/blog/blog-post-card": "<article class=\"blog-post__card\">\n    <div class=\"blog-post__card-container\">\n        {{#if post.thumbnail}}\n            <figure class=\"blog-post__card-thumbnail\">\n                <a href=\"{{post.url}}\">\n                    {{> components/common/responsive-img\n                        image=post.thumbnail\n                        fallback_size=theme_settings.blog_size\n                        lazyload=theme_settings.lazyload_mode\n                    }}\n                </a>\n            </figure>\n        {{else}}\n            <figure class=\"blog-post__card-thumbnail\">\n                <a href=\"{{post.url}}\">\n                    {{> components/common/responsive-img\n                        image=store_logo\n                        fallback_size=theme_settings.blog_size\n                        lazyload=theme_settings.lazyload_mode\n                    }}\n                </a>\n            </figure>\n        {{/if}}\n    </div>\n\n    <div class=\"blog-post__card-body\">\n        <p class=\"blog-post__card-date\">{{#if post.author}}{{lang 'blog.posted_by' name=post.author}} on {{/if}}{{post.date_published}}</p>\n        <header class=\"blog-post__card-header\">\n            <h2 class=\"blog-post__card-title\">\n                <a href=\"{{post.url}}\">{{post.title}}</a>\n            </h2>\n        </header>\n\n        <div class=\"blog-post__card-summary\">\n            {{#if post.body}}\n                {{{post.body}}}\n            {{else}}\n                {{{post.summary}}}\n                {{#if post.show_read_more}}\n                    <br />\n                    {{/if}}\n                    {{/if}}\n        </div>\n        <span class=\"blog-post__card-read-more-wrapper\">\n            <a href=\"{{url}}\" class=\"blog-post__card-read-more\" aria-label=\"{{post.title}} {{lang 'blog.read_more'}}\">{{lang 'custom.blog.posts.read-more-text'}} &#10132;</a>\n        </span>\n\n        {{#if show_tags}}\n            {{#if post.tags}}\n                <ul class=\"blog-post__card-tags\">\n                    {{#each post.tags}}\n                    <li class=\"tag\">\n                        <a href=\"{{url}}\">#{{name}}</a>\n                    </li>\n                    {{/each}}\n                </ul>\n            {{/if}}\n        {{/if}}\n\n        {{>components/common/share url=post.url}}\n    </div>\n</article>\n",
  "components/custom/blog/blog-sidebar-recent-posts": "<ul class=\"blog-sidebar__recent-list\" id=\"blog-sidebar-recent\">\n    {{> components/custom/blog/blog-recent-post-items }}\n</ul>\n",
  "components/common/responsive-img": "{{!--\nThis file implements the lazysizes srcset pattern (as seen on\nhttps://github.com/aFarkas/lazysizes#modern-transparent-srcset-pattern) for maximum performance on modern browsers\nand reasonable compatibility with legacy browsers.\n\nThere are a few important arguments to know about when using this component:\n`lazyload`:\n    - If set to 'lazyload+lqip', will load a low-res image which will be replaced by lazysizes - ensuring that SOME\n    content is shown immediately on page load. Without LQIP, a transparent gif will be used instead, which reduces\n    the number of requests needed to load the page, making it even faster.\n    - If set to 'lazyload', the browser will not load the full-size image at first, instead the lazysizes plugin will\n        load it progressively after page load. This improves the load speed of the page, but it should be disabled for\n        high-priority above-the-fold images.\n    - If set to 'disabled', will not attempt to lazyload the image and instead tell the browser to load it immediately.\n        Use this for high-priority images that are above the fold.\n\n`fallback_size`:\n    This is the size to use for this image in legacy browsers that do not support srcset.\n    Can be defined as a pixel bounding-box size (e.g. \"123x123) or inherent width (e.g. \"123w\").\n\n`class`:\n    The CSS classes to add to the image, e.g. \"card-image\". If lazyloading is enabled, all images will have the\n    \"lazyload\" class so that lazysizes will target them automatically.\n\n`otherAttributes`:\n    Any other HTML attributes you want on the img tag, for example \"height='100' width='100'\"\n\n`default_image`:\n    The default image to use if `image` is undefined or falsy. Should be a theme asset, usually defined as a relative\n    path in the theme config. If a default image is not provided, you'll get an image tag with no image if the primary\n    image is undefined.\n\n`lqip_size`:\n    If you want to specify a particular size for the LQIP image, you can do so with this argument. A default of 80\n    pixels wide will be used otherwise. This argument has no effect if the lazyload mode is not \"lazyload+lqip\".\n\n--}}\n<img {{#if image}}{{!-- Get the default image for legacy browsers that do not support srcset\n--}}src=\"{{getImageSrcset image 1x=(default fallback_size '160w')}}\" alt=\"{{image.alt}}\" title=\"{{image.alt}}\" {{!--\n  Allow lazysizes to generate the 'sizes' attribute automatically --}}data-sizes=\"auto\"\n  {{!-- Add width/height for CLS prevention --}}\n  {{#if image.width}}width=\"{{image.width}}\"{{else}}width=\"400\"{{/if}}\n  {{#if image.height}}height=\"{{image.height}}\"{{else}}height=\"400\"{{/if}}\n  {{#unless lazyload '==' 'disabled'}}\n    {{#if lazyload '==' 'lazyload+lqip'}}\n    {{!-- If we want a LQIP, include it as the default srcset (will be overwritten by lazysizes) --}}\n    srcset=\"{{getImageSrcset image 1x=(default lqip_size '80w')}}\"\n    {{else}}\n      {{!-- If we don't want a LQIP, use a 1px transparent gif for the stand-in image\n            This requires no additional network request, so it's fast --}}\n    srcset=\"data:image/gif;base64,R0lGODlhAQABAIAAAP///wAAACH5BAEAAAAALAAAAAABAAEAAAICRAEAOw==\"\n    {{/if}}\n{{/unless}}\n{{!-- If lazyloading is disabled, just use \"srcset\". If it is not disabled, use \"data-srcset\" so lazysizes will use\n      this after page load --}}\n{{!--\nGenerate the srcset string using the default sizes defined in the helper. This will allow the browser to\npick the best-sized image based on its own understanding of how it will render the page.\n--}}\n{{#unless lazyload '==' 'disabled'}}data-{{/unless}}srcset=\"{{getImageSrcset image use_default_sizes=true }}\"\n{{else if default_image}}src=\"{{cdn default_image}}\" alt=\"{{lang 'products.card_default_image_alt'}}\"{{/if}}\nclass=\"{{#unless lazyload '==' 'disabled'}}lazyload{{/unless}}{{#if class}} {{class}}{{/if}}\"\n{{#if lazyload '==' 'lazyload'}}loading=\"lazy\"{{/if}}\n{{otherAttributes}} />\n",
  "components/common/share": "{{#if settings.add_this.buttons}}\n    {{assignVar 'encodedUrl' (encodeURI url)}}\n    {{assignVar 'encodedTitle' (encodeURI head.title)}}\n    <div>\n        <ul class=\"socialLinks\">\n            <span class=\"social-share-label\">\n                {{{lang 'custom.blog.share'}}}\n            </span>\n            {{#each settings.add_this.buttons}}\n                <li class=\"socialLinks-item socialLinks-item--{{service}}\">\n                    {{#if service '===' 'facebook'}}\n                    <a class=\"socialLinks__link icon icon--{{service}}\"\n                       title=\"{{{capitalize service}}}\"\n                       href=\"https://facebook.com/sharer/sharer.php?u={{getVar 'encodedUrl'}}\"\n                       target=\"_blank\"\n                       rel=\"noopener\"\n                       {{{annotation}}}\n                    >\n                        <span class=\"aria-description--hidden\">{{{capitalize service}}}</span>\n                        <svg>\n                            <use xlink:href=\"#icon-facebook\"/>\n                        </svg>\n                    </a>\n                    {{else if service '===' 'email'}}\n                    <a class=\"socialLinks__link icon icon--{{service}}\"\n                       title=\"{{{capitalize service}}}\"\n                       href=\"mailto:?subject={{getVar 'encodedTitle'}}&amp;body={{getVar 'encodedUrl'}}\"\n                       target=\"_self\"\n                       rel=\"noopener\"\n                       {{{annotation}}}\n                    >\n                        <span class=\"aria-description--hidden\">{{{capitalize service}}}</span>\n                        <svg>\n                            <use xlink:href=\"#icon-envelope\"/>\n                        </svg>\n                    </a>\n                    {{else if service '===' 'print'}}\n                    <a class=\"socialLinks__link icon icon--{{service}}\"\n                       title=\"{{{capitalize service}}}\"\n                       onclick=\"window.print();return false;\"\n                       {{{annotation}}}\n                    >\n                        <span class=\"aria-description--hidden\">{{{capitalize service}}}</span>\n                        <svg>\n                            <use xlink:href=\"#icon-print\"/>\n                        </svg>\n                    </a>\n                    {{else if service '===' 'twitter'}}\n                    <a class=\"socialLinks__link icon icon--{{service}}\"\n                       href=\"https://twitter.com/intent/tweet/?text={{getVar 'encodedTitle'}}&amp;url={{getVar 'encodedUrl'}}\"\n                       target=\"_blank\"\n                       rel=\"noopener\"\n                       title=\"{{{capitalize service}}}\"\n                       {{{annotation}}}\n                    >\n                        <span class=\"aria-description--hidden\">{{{capitalize service}}}</span>\n                        <svg>\n                            <use xlink:href=\"#icon-twitter\"/>\n                        </svg>\n                    </a>\n                    {{else if service '===' 'linkedin'}}\n                    <a class=\"socialLinks__link icon icon--{{service}}\"\n                       title=\"{{{capitalize service}}}\"\n                       href=\"https://www.linkedin.com/shareArticle?mini=true&amp;url={{getVar 'encodedUrl'}}&amp;title={{getVar 'encodedTitle'}}&amp;summary={{getVar 'encodedTitle'}}&amp;source={{getVar 'encodedUrl'}}\"\n                       target=\"_blank\"\n                       rel=\"noopener\"\n                       {{{annotation}}}\n                    >\n                        <span class=\"aria-description--hidden\">{{{capitalize service}}}</span>\n                        <svg>\n                            <use xlink:href=\"#icon-linkedin\"/>\n                        </svg>\n                    </a>\n                    {{else if service '===' 'pinterest'}}\n                    <a class=\"socialLinks__link icon icon--{{service}}\"\n                       title=\"{{{capitalize service}}}\"\n                       href=\"https://pinterest.com/pin/create/button/?url={{getVar 'encodedUrl'}}&amp;description={{getVar 'encodedTitle'}}\"\n                       target=\"_blank\"\n                       rel=\"noopener\"\n                       {{{annotation}}}\n                    >\n                        <span class=\"aria-description--hidden\">{{{capitalize service}}}</span>\n                        <svg>\n                            <use xlink:href=\"#icon-pinterest\"/>\n                        </svg>\n                    </a>\n                    {{/if}}\n                </li>\n            {{/each}}\n        </ul>\n    </div>\n{{/if}}\n{{#if settings.facebook_like_button.enabled}}\n    <iframe\n        class=\"facebook{{#if settings.facebook_like_button.verb '===' 'recommend'}}Recommend{{else}}Like{{/if}}Btn\"\n        style=\"border:none; overflow:hidden; margin: 0; padding: 0; position:absolute\"\n        src=\"https://www.facebook.com/plugins/like.php?href={{settings.facebook_like_button.href}}&amp;layout=button_count{{#if settings.facebook_like_button.verb '===' 'recommend'}}&amp;action=recommend{{/if}}&amp;colorscheme=light&amp;height=20\"\n        scrolling=\"no\"\n        frameborder=\"0\"\n        allowTransparency=\"true\">\n    </iframe>\n{{/if}}\n"
}