{
  "pages/amp/product-options": "{{#partial \"page\"}}\n    {{> components/amp/products/product-options schema=true}}\n{{/partial}}\n{{> layout/amp-iframe}}\n",
  "components/amp/products/product-options": "<div class=\"productView\">\n    <div class=\"productView-options\">\n        <form class=\"form\" method=\"post\" action=\"{{product.cart_url}}\" enctype=\"multipart/form-data\" data-cart-item-add target=\"_self\">\n            <input type=\"hidden\" name=\"action\" value=\"add\">\n            <input type=\"hidden\" name=\"product_id\" value=\"{{product.id}}\"/>\n            <div data-product-option-change>\n                {{#each product.options}}\n                    {{{dynamicComponent 'components/products/options'}}}\n                {{/each}}\n            </div>\n            {{> components/products/add-to-cart}}\n            <div class=\"loadingOverlay\"></div>\n        </form>\n    </div>\n</div>\n",
  "layout/amp-iframe": "<!DOCTYPE html>\n<html class=\"no-js\" lang=\"{{ locale_name }}\">\n    <head>\n        <title>{{ head.title }}</title>\n        {{{ head.meta_tags }}}\n        {{{ head.config }}}\n        {{#block \"head\"}} {{/block}}\n        <link href=\"{{ head.favicon }}\" rel=\"shortcut icon\">\n        <meta name=\"viewport\" content=\"width=device-width, initial-scale=1\">\n        {{{stylesheet '/assets/css/theme.css'}}}\n        {{ getFontsCollection }}\n\n        <script>\n            // Change document class from no-js to js so we can detect this in css\n            document.documentElement.className = document.documentElement.className.replace('no-js', 'js');\n        </script>\n\n        {{{ head.scripts }}}\n\n        {{ inject 'themeSettings' theme_settings }}\n        {{inject 'urls' urls}}\n        <style>\n            {{> components/amp/css/product-options}}\n        </style>\n    </head>\n    <body>\n        <div class=\"icons-svg-sprite\">{{> components/amp/common/icon-defs }}</div>\n\n        {{#block \"page\"}} {{/block}}\n\n        <script>window.__webpack_public_path__ = \"{{cdn 'assets/dist/'}}\";</script>\n        <script src=\"{{cdn 'assets/dist/theme-bundle.main.js'}}\"></script>\n\n        <script>\n            // Exported in app.js\n            window.stencilBootstrap(\"{{page_type}}\", {{jsContext}}, false).load();\n        </script>\n        <script type=\"text/javascript\" charset=\"utf-8\">\n            function postHeight() {\n                window.parent.postMessage({\n                    sentinel: 'amp',\n                    type: 'embed-size',\n                    height: window.document.querySelector('body').offsetHeight\n                }, '*');\n            }\n\n            window.addEventListener(\"DOMContentLoaded\", function () {\n                window.addEventListener('resize', postHeight);\n                postHeight();\n            }, false);\n        </script>\n\n    </body>\n</html>\n",
  "components/amp/css/product-options": "body {\n\tpadding: 0;\n\tmargin: 0;\n}\n\n.productView-options {\n    text-align: center;\n}\n",
  "components/amp/common/icon-defs": "<svg xmlns=\"http://www.w3.org/2000/svg\"><defs> <path id=\"stumbleupon-path-1\" d=\"M0,0.0749333333 L31.9250667,0.0749333333 L31.9250667,31.984 L0,31.984\"/> </defs><symbol viewBox=\"0 0 25 26\" id=\"icon-account\"> <path fill-rule=\"evenodd\" clip-rule=\"evenodd\" d=\"M18.8709 10.5836C18.3169 11.8731 17.4116 12.965 16.2824 13.7265C16.1317 13.8281 15.9771 13.9238 15.8188 14.0133C15.8188 14.0133 15.8187 14.0133 15.8187 14.0133C17.1638 13.2527 18.243 12.0452 18.8709 10.5836ZM5.74994 5.80369C5.60375 6.38789 5.52593 7.00049 5.52593 7.63165C5.52593 10.1837 6.79824 12.4323 8.71735 13.7265C8.868 13.8281 9.02263 13.9238 9.18094 14.0133C9.18099 14.0133 9.18103 14.0133 9.18108 14.0133C7.0059 12.7835 5.52595 10.3839 5.52595 7.63156C5.52595 7.00043 5.60377 6.38786 5.74994 5.80369ZM0.462855 20.8877C0.403628 21.215 0.373134 21.5482 0.373134 21.8862C0.373134 25.4456 10.4749 25.6259 12.5 25.6259C14.3983 25.6259 23.3957 25.4675 24.5129 22.5147C23.3955 25.4674 14.3983 25.6258 12.5 25.6258C10.4749 25.6258 0.373157 25.4455 0.373157 21.8861C0.373157 21.5482 0.403639 21.215 0.462855 20.8877ZM19.8472 7.63165C19.8472 10.1848 18.6335 12.4526 16.7689 13.8397C18.9933 14.3928 20.9341 15.3675 22.3731 16.6334C23.9997 18.0645 25 19.8842 25 21.8862C25 22.9865 24.2121 23.7631 23.1908 24.303C22.1608 24.8476 20.7896 25.212 19.3874 25.4593C16.5757 25.9551 13.5176 26 12.5 26C11.4823 26 8.42413 25.9551 5.61252 25.4593C4.21031 25.212 2.83916 24.8476 1.80912 24.303C0.7879 23.7631 0 22.9865 0 21.8862C0 19.884 1.00028 18.0644 2.62688 16.6333C4.06578 15.3674 6.00653 14.3928 8.23083 13.8397C6.36641 12.4528 5.1528 10.1847 5.1528 7.63165C5.1528 3.43647 8.43543 0 12.5 0C16.5646 0 19.8472 3.43647 19.8472 7.63165ZM7.04254 7.63136C7.04254 4.47913 9.5039 1.93786 12.5 1.93786C15.4961 1.93786 17.9575 4.47884 17.9575 7.63136C17.9575 10.7839 15.4961 13.3249 12.5 13.3249C9.50416 13.3249 7.04254 10.7839 7.04254 7.63136ZM12.5 24.0618C9.2366 24.0618 6.52257 23.7341 4.6352 23.2599C3.68881 23.0221 2.96879 22.7521 2.4944 22.4795C2.25691 22.343 2.0971 22.2149 2.00061 22.1037C1.90495 21.9935 1.88975 21.922 1.88975 21.8862C1.88975 20.13 3.01201 18.483 4.93727 17.2565C6.85777 16.0329 9.53192 15.263 12.5 15.263C15.4681 15.263 18.1422 16.0329 20.0627 17.2564C21.988 18.4829 23.1103 20.1298 23.1103 21.8862C23.1103 21.922 23.0951 21.9935 22.9994 22.1037C22.9029 22.2149 22.7431 22.343 22.5056 22.4795C22.0312 22.7521 21.3112 23.0221 20.3648 23.2599C18.4774 23.7341 15.7634 24.0618 12.5 24.0618ZM6.85442 6.11221C7.50404 3.49935 9.78878 1.56376 12.5 1.56376C15.7152 1.56376 18.3306 4.28549 18.3306 7.63136C18.3306 8.15415 18.2667 8.6617 18.1467 9.14602C18.2668 8.66167 18.3306 8.15409 18.3306 7.63127C18.3306 4.2854 15.7152 1.56367 12.5 1.56367C9.78878 1.56367 7.50401 3.4993 6.85442 6.11221ZM23.4761 21.9729C23.481 21.9439 23.4834 21.915 23.4834 21.8861C23.4834 18.0276 18.5565 14.8888 12.5 14.8888C7.2006 14.8888 2.76595 17.2922 1.74015 20.4778C2.766 17.2923 7.20062 14.8889 12.5 14.8889C18.5564 14.8889 23.4834 18.0277 23.4834 21.8862C23.4834 21.915 23.481 21.9439 23.4761 21.9729Z\" fill=\"#333333\"/> </symbol><symbol viewBox=\"0 0 24 24\" id=\"icon-add\"><path d=\"M19 13h-6v6h-2v-6H5v-2h6V5h2v6h6v2z\"/></symbol><symbol viewBox=\"0 0 20 19\" id=\"icon-admin-brush\"> <path d=\"M5 12C3.34 12 2 13.34 2 15C2 16.31 0.84 17 0 17C0.92 18.22 2.49 19 4 19C6.21 19 8 17.21 8 15C8 13.34 6.66 12 5 12ZM18.71 2.63L17.37 1.29C16.98 0.899999 16.35 0.899999 15.96 1.29L7 10.25L9.75 13L18.71 4.04C19.1 3.65 19.1 3.02 18.71 2.63Z\" fill=\"#3E67F8\"/> </symbol><symbol viewBox=\"0 0 12 8\" id=\"icon-admin-close\"> <path d=\"M5.28997 0.70998L0.699971 5.29998C0.309971 5.68998 0.309971 6.31998 0.699971 6.70998C1.08997 7.09998 1.71997 7.09998 2.10997 6.70998L5.99997 2.82998L9.87997 6.70998C10.27 7.09998 10.9 7.09998 11.29 6.70998C11.68 6.31998 11.68 5.68998 11.29 5.29998L6.69997 0.70998C6.31997 0.31998 5.67997 0.31998 5.28997 0.70998Z\" fill=\"#5E637A\"/> </symbol><symbol viewBox=\"0 0 19 19\" id=\"icon-admin-edit\"> <path d=\"M0 15.46V18.5C0 18.78 0.22 19 0.5 19H3.54C3.67 19 3.8 18.95 3.89 18.85L14.81 7.94L11.06 4.19L0.15 15.1C0.0500001 15.2 0 15.32 0 15.46ZM17.71 5.04C18.1 4.65 18.1 4.02 17.71 3.63L15.37 1.29C14.98 0.899999 14.35 0.899999 13.96 1.29L12.13 3.12L15.88 6.87L17.71 5.04Z\" fill=\"#3E67F8\"/> </symbol><symbol viewBox=\"0 0 18 18\" id=\"icon-admin-link\"> <path d=\"M15 16H3C2.45 16 2 15.55 2 15V3C2 2.45 2.45 2 3 2H8C8.55 2 9 1.55 9 1C9 0.45 8.55 0 8 0H2C0.89 0 0 0.9 0 2V16C0 17.1 0.9 18 2 18H16C17.1 18 18 17.1 18 16V10C18 9.45 17.55 9 17 9C16.45 9 16 9.45 16 10V15C16 15.55 15.55 16 15 16ZM11 1C11 1.55 11.45 2 12 2H14.59L5.46 11.13C5.07 11.52 5.07 12.15 5.46 12.54C5.85 12.93 6.48 12.93 6.87 12.54L16 3.41V6C16 6.55 16.45 7 17 7C17.55 7 18 6.55 18 6V0H12C11.45 0 11 0.45 11 1Z\" fill=\"#3E67F8\"/> </symbol><symbol viewBox=\"0 0 20 20\" id=\"icon-admin-tooltip\"> <path d=\"M10 0C4.48 0 0 4.48 0 10C0 15.52 4.48 20 10 20C15.52 20 20 15.52 20 10C20 4.48 15.52 0 10 0ZM10 15C9.45 15 9 14.55 9 14V10C9 9.45 9.45 9 10 9C10.55 9 11 9.45 11 10V14C11 14.55 10.55 15 10 15ZM11 7H9V5H11V7Z\" fill=\"#5E637A\"/> </symbol><symbol viewBox=\"0 0 36 36\" id=\"icon-arrow-down\"> <path d=\"M16.5 6v18.26l-8.38-8.38-2.12 2.12 12 12 12-12-2.12-2.12-8.38 8.38v-18.26h-3z\"/> </symbol><symbol viewBox=\"0 0 14 15\" id=\"icon-arrow-right\"> <path d=\"M13.7071 8.20711C14.0976 7.81658 14.0976 7.18342 13.7071 6.79289L7.34315 0.428932C6.95262 0.0384078 6.31946 0.0384078 5.92893 0.428932C5.53841 0.819457 5.53841 1.45262 5.92893 1.84315L11.5858 7.5L5.92893 13.1569C5.53841 13.5474 5.53841 14.1805 5.92893 14.5711C6.31946 14.9616 6.95262 14.9616 7.34315 14.5711L13.7071 8.20711ZM0 8.5L13 8.5V6.5L0 6.5L0 8.5Z\"/> </symbol><symbol viewBox=\"0 0 21 21\" id=\"icon-cart-close\"> <path d=\"M15.709 13.5898C15.709 13.3529 15.6224 13.1478 15.4492 12.9746L12.9746 10.5L15.4492 8.02539C15.6224 7.85221 15.709 7.64714 15.709 7.41016C15.709 7.16406 15.6224 6.95443 15.4492 6.78125L14.2188 5.55078C14.0456 5.3776 13.8359 5.29102 13.5898 5.29102C13.3529 5.29102 13.1478 5.3776 12.9746 5.55078L10.5 8.02539L8.02539 5.55078C7.85221 5.3776 7.64714 5.29102 7.41016 5.29102C7.16406 5.29102 6.95443 5.3776 6.78125 5.55078L5.55078 6.78125C5.3776 6.95443 5.29102 7.16406 5.29102 7.41016C5.29102 7.64714 5.3776 7.85221 5.55078 8.02539L8.02539 10.5L5.55078 12.9746C5.3776 13.1478 5.29102 13.3529 5.29102 13.5898C5.29102 13.8359 5.3776 14.0456 5.55078 14.2188L6.78125 15.4492C6.95443 15.6224 7.16406 15.709 7.41016 15.709C7.64714 15.709 7.85221 15.6224 8.02539 15.4492L10.5 12.9746L12.9746 15.4492C13.1478 15.6224 13.3529 15.709 13.5898 15.709C13.8359 15.709 14.0456 15.6224 14.2188 15.4492L15.4492 14.2188C15.6224 14.0456 15.709 13.8359 15.709 13.5898ZM19.5918 5.23633C20.5306 6.8405 21 8.59505 21 10.5C21 12.4049 20.5306 14.1641 19.5918 15.7773C18.653 17.3815 17.377 18.653 15.7637 19.5918C14.1595 20.5306 12.4049 21 10.5 21C8.59505 21 6.83594 20.5306 5.22266 19.5918C3.61849 18.653 2.34701 17.3815 1.4082 15.7773C0.469401 14.1641 0 12.4049 0 10.5C0 8.59505 0.469401 6.8405 1.4082 5.23633C2.34701 3.62305 3.61849 2.34701 5.22266 1.4082C6.83594 0.469401 8.59505 0 10.5 0C12.4049 0 14.1595 0.469401 15.7637 1.4082C17.377 2.34701 18.653 3.62305 19.5918 5.23633Z\"/> </symbol><symbol viewBox=\"0 0 27 26\" id=\"icon-cart\"> <path fill-rule=\"evenodd\" clip-rule=\"evenodd\" d=\"M1.83735 0.949951C1.35052 0.949951 0.949951 1.35052 0.949951 1.83735C0.949951 2.32419 1.35052 2.72475 1.83735 2.72475H4.59267C4.9746 2.72475 5.30632 2.97936 5.40878 3.36296L8.70423 16.4908C9.0069 17.674 10.0529 18.5003 11.2649 18.5003H22.043C23.2541 18.5003 24.3283 17.6745 24.6039 16.4897L26.6297 8.17051C26.8224 7.39967 26.6574 6.57305 26.134 5.93902C25.6385 5.30628 24.868 4.92086 24.069 4.92086H7.65691L7.15331 2.95946C6.85062 1.7763 5.80459 0.949951 4.59267 0.949951H1.83735ZM10.4488 16.0873L8.11433 6.72267H24.069C24.3234 6.72267 24.5787 6.85033 24.7314 7.05384C24.8866 7.26081 24.9608 7.5147 24.8855 7.76582L22.859 16.0878C22.7565 16.4713 22.4249 16.7255 22.043 16.7255H11.2649C10.883 16.7255 10.5512 16.4709 10.4488 16.0873ZM11.832 19.481C10.2647 19.481 8.97266 20.773 8.97266 22.3403C8.97266 23.9077 10.2647 25.1996 11.832 25.1996C13.3994 25.1996 14.6914 23.9077 14.6914 22.3403C14.6914 20.773 13.3994 19.481 11.832 19.481ZM10.7745 22.3403C10.7745 21.7466 11.2383 21.2828 11.832 21.2828C12.4257 21.2828 12.8895 21.7466 12.8895 22.3403C12.8895 22.907 12.3987 23.3978 11.832 23.3978C11.2383 23.3978 10.7745 22.934 10.7745 22.3403ZM21.1249 19.481C19.5575 19.481 18.2655 20.773 18.2655 22.3403C18.2655 23.9077 19.5575 25.1996 21.1249 25.1996C22.6922 25.1996 23.9842 23.9077 23.9842 22.3403L23.9842 22.3394C23.9567 20.7736 22.693 19.481 21.1249 19.481ZM20.0673 22.3403C20.0673 21.7466 20.5312 21.2828 21.1249 21.2828C21.7185 21.2828 22.1824 21.7466 22.1824 22.3403C22.1824 22.907 21.6915 23.3978 21.1249 23.3978C20.5312 23.3978 20.0673 22.934 20.0673 22.3403Z\"/> </symbol><symbol viewBox=\"0 0 14 8\" id=\"icon-chevron-down\"> <path d=\"M7.88322 7.64465L13.6336 2.06834C14.1221 1.59453 14.1221 0.829156 13.6336 0.355352C13.145 -0.118452 12.3557 -0.118452 11.8671 0.355352L6.99374 5.0691L2.13289 0.355353C1.6443 -0.118451 0.855034 -0.118451 0.366444 0.355353C-0.122147 0.829157 -0.122146 1.59453 0.366444 2.06834L6.11678 7.64465C6.59284 8.11845 7.39463 8.11845 7.88322 7.64465Z\"/> </symbol><symbol viewBox=\"0 0 24 24\" id=\"icon-chevron-left\"><path d=\"M15.41 7.41L14 6l-6 6 6 6 1.41-1.41L10.83 12z\"/></symbol><symbol viewBox=\"0 0 24 24\" id=\"icon-chevron-right\"><path d=\"M10 6L8.59 7.41 13.17 12l-4.58 4.59L10 18l6-6z\"/></symbol><symbol viewBox=\"0 0 24 24\" id=\"icon-close\"><path d=\"M19 6.41L17.59 5 12 10.59 6.41 5 5 6.41 10.59 12 5 17.59 6.41 19 12 13.41 17.59 19 19 17.59 13.41 12z\"/></symbol><symbol viewBox=\"0 0 15 21\" id=\"icon-download\"> <path d=\"M14.4141 4.32812L11.1719 1.04688C10.8203 0.695312 10.3125 0.5 9.84375 0.5H1.875C0.820312 0.5 0 1.35938 0 2.375V18.625C0 19.6797 0.820312 20.5 1.875 20.5H13.125C14.1406 20.5 15 19.6797 15 18.625V5.65625C15 5.1875 14.7656 4.67969 14.4141 4.32812ZM12.9688 5.5H10V2.53125L12.9688 5.5ZM1.875 18.625V2.375H8.125V6.4375C8.125 6.98438 8.51562 7.375 9.0625 7.375H13.125V18.625H1.875Z\"/> </symbol><symbol viewBox=\"0 0 28 28\" id=\"icon-envelope\"> <path d=\"M0 23.5v-12.406q0.688 0.766 1.578 1.359 5.656 3.844 7.766 5.391 0.891 0.656 1.445 1.023t1.477 0.75 1.719 0.383h0.031q0.797 0 1.719-0.383t1.477-0.75 1.445-1.023q2.656-1.922 7.781-5.391 0.891-0.609 1.563-1.359v12.406q0 1.031-0.734 1.766t-1.766 0.734h-23q-1.031 0-1.766-0.734t-0.734-1.766zM0 6.844q0-1.219 0.648-2.031t1.852-0.812h23q1.016 0 1.758 0.734t0.742 1.766q0 1.234-0.766 2.359t-1.906 1.922q-5.875 4.078-7.313 5.078-0.156 0.109-0.664 0.477t-0.844 0.594-0.812 0.508-0.898 0.422-0.781 0.141h-0.031q-0.359 0-0.781-0.141t-0.898-0.422-0.812-0.508-0.844-0.594-0.664-0.477q-1.422-1-4.094-2.852t-3.203-2.227q-0.969-0.656-1.828-1.805t-0.859-2.133z\"/> </symbol><symbol viewBox=\"0 0 18 18\" id=\"icon-facebook\"> <path d=\"M16.0714 0C16.6071 0 17.0625 0.1875 17.4375 0.5625C17.8125 0.9375 18 1.39286 18 1.92857V16.0714C18 16.6071 17.8125 17.0625 17.4375 17.4375C17.0625 17.8125 16.6071 18 16.0714 18H10.567V11.8929H12.8973L13.3393 9H10.567V7.11161C10.567 6.09375 11.1027 5.58482 12.1741 5.58482H13.4196V3.13393C12.6696 3 11.933 2.93304 11.2098 2.93304C10.433 2.93304 9.76339 3.08036 9.20089 3.375C8.66518 3.66964 8.23661 4.11161 7.91518 4.70089C7.59375 5.29018 7.43304 5.98661 7.43304 6.79018V9H4.90179V11.8929H7.43304V18H1.92857C1.39286 18 0.9375 17.8125 0.5625 17.4375C0.1875 17.0625 0 16.6071 0 16.0714V1.92857C0 1.39286 0.1875 0.9375 0.5625 0.5625C0.9375 0.1875 1.39286 0 1.92857 0H16.0714Z\" fill=\"#DF4444\"/> </symbol><symbol viewBox=\"0 0 20 28\" id=\"icon-google\"> <path d=\"M1.734 21.156q0-1.266 0.695-2.344t1.852-1.797q2.047-1.281 6.312-1.563-0.5-0.641-0.742-1.148t-0.242-1.148q0-0.625 0.328-1.328-0.719 0.063-1.062 0.063-2.312 0-3.898-1.508t-1.586-3.82q0-1.281 0.562-2.484t1.547-2.047q1.188-1.031 2.844-1.531t3.406-0.5h6.516l-2.141 1.375h-2.063q1.172 0.984 1.766 2.078t0.594 2.5q0 1.125-0.383 2.023t-0.93 1.453-1.086 1.016-0.922 0.961-0.383 1.031q0 0.562 0.5 1.102t1.203 1.062 1.414 1.148 1.211 1.625 0.5 2.219q0 1.422-0.766 2.703-1.109 1.906-3.273 2.805t-4.664 0.898q-2.063 0-3.852-0.648t-2.695-2.148q-0.562-0.922-0.562-2.047zM4.641 20.438q0 0.875 0.367 1.594t0.953 1.18 1.359 0.781 1.563 0.453 1.586 0.133q0.906 0 1.742-0.203t1.547-0.609 1.141-1.141 0.43-1.703q0-0.391-0.109-0.766t-0.227-0.656-0.422-0.648-0.461-0.547-0.602-0.539-0.57-0.453-0.648-0.469-0.57-0.406q-0.25-0.031-0.766-0.031-0.828 0-1.633 0.109t-1.672 0.391-1.516 0.719-1.070 1.164-0.422 1.648zM6.297 4.906q0 0.719 0.156 1.523t0.492 1.609 0.812 1.445 1.172 1.047 1.508 0.406q0.578 0 1.211-0.258t1.023-0.68q0.828-0.875 0.828-2.484 0-0.922-0.266-1.961t-0.75-2.016-1.313-1.617-1.828-0.641q-0.656 0-1.289 0.305t-1.039 0.82q-0.719 0.922-0.719 2.5z\"/> </symbol><symbol viewBox=\"0 0 18 18\" id=\"icon-instagram\"> <path d=\"M5.70536 5.74554C6.61607 4.83482 7.71429 4.37946 9 4.37946C10.2857 4.37946 11.3705 4.83482 12.2545 5.74554C13.1652 6.62946 13.6205 7.71429 13.6205 9C13.6205 10.2857 13.1652 11.3839 12.2545 12.2946C11.3705 13.1786 10.2857 13.6205 9 13.6205C7.71429 13.6205 6.61607 13.1786 5.70536 12.2946C4.82143 11.3839 4.37946 10.2857 4.37946 9C4.37946 7.71429 4.82143 6.62946 5.70536 5.74554ZM6.87054 11.1295C7.45982 11.7188 8.16964 12.0134 9 12.0134C9.83036 12.0134 10.5402 11.7188 11.1295 11.1295C11.7188 10.5402 12.0134 9.83036 12.0134 9C12.0134 8.16964 11.7188 7.45982 11.1295 6.87054C10.5402 6.28125 9.83036 5.98661 9 5.98661C8.16964 5.98661 7.45982 6.28125 6.87054 6.87054C6.28125 7.45982 5.98661 8.16964 5.98661 9C5.98661 9.83036 6.28125 10.5402 6.87054 11.1295ZM14.5446 3.45536C14.7589 3.64286 14.8661 3.88393 14.8661 4.17857C14.8661 4.47321 14.7589 4.72768 14.5446 4.94196C14.3571 5.15625 14.1161 5.26339 13.8214 5.26339C13.5268 5.26339 13.2723 5.15625 13.058 4.94196C12.8438 4.72768 12.7366 4.47321 12.7366 4.17857C12.7366 3.88393 12.8438 3.64286 13.058 3.45536C13.2723 3.24107 13.5268 3.13393 13.8214 3.13393C14.1161 3.13393 14.3571 3.24107 14.5446 3.45536ZM17.9598 5.30357C17.9866 6.02679 18 7.25893 18 9C18 10.7411 17.9866 11.9732 17.9598 12.6964C17.8795 14.3304 17.3839 15.6027 16.4732 16.5134C15.5893 17.3973 14.3304 17.8661 12.6964 17.9196C11.9732 17.9732 10.7411 18 9 18C7.25893 18 6.02679 17.9732 5.30357 17.9196C3.66964 17.8393 2.41071 17.3571 1.52679 16.4732C1.17857 16.1518 0.897321 15.7768 0.683036 15.3482C0.46875 14.9196 0.308036 14.5045 0.200893 14.1027C0.120536 13.7009 0.0803571 13.2321 0.0803571 12.6964C0.0267857 11.9732 0 10.7411 0 9C0 7.25893 0.0267857 6.01339 0.0803571 5.26339C0.160714 3.65625 0.642857 2.41071 1.52679 1.52679C2.41071 0.616071 3.66964 0.120536 5.30357 0.0401786C6.02679 0.0133929 7.25893 0 9 0C10.7411 0 11.9732 0.0133929 12.6964 0.0401786C14.3304 0.120536 15.5893 0.616071 16.4732 1.52679C17.3839 2.41071 17.8795 3.66964 17.9598 5.30357ZM16.0312 14.3036C16.1116 14.0893 16.1786 13.8214 16.2321 13.5C16.2857 13.1518 16.3259 12.75 16.3527 12.2946C16.3795 11.8125 16.3929 11.4241 16.3929 11.1295C16.3929 10.8348 16.3929 10.4196 16.3929 9.88393C16.3929 9.34821 16.3929 9.05357 16.3929 9C16.3929 8.91964 16.3929 8.625 16.3929 8.11607C16.3929 7.58036 16.3929 7.16518 16.3929 6.87054C16.3929 6.57589 16.3795 6.20089 16.3527 5.74554C16.3259 5.26339 16.2857 4.86161 16.2321 4.54018C16.1786 4.19196 16.1116 3.91071 16.0312 3.69643C15.7098 2.86607 15.1339 2.29018 14.3036 1.96875C14.0893 1.88839 13.808 1.82143 13.4598 1.76786C13.1384 1.71429 12.7366 1.67411 12.2545 1.64732C11.7991 1.62054 11.4241 1.60714 11.1295 1.60714C10.8616 1.60714 10.4464 1.60714 9.88393 1.60714C9.34821 1.60714 9.05357 1.60714 9 1.60714C8.94643 1.60714 8.65179 1.60714 8.11607 1.60714C7.58036 1.60714 7.16518 1.60714 6.87054 1.60714C6.57589 1.60714 6.1875 1.62054 5.70536 1.64732C5.25 1.67411 4.84821 1.71429 4.5 1.76786C4.17857 1.82143 3.91071 1.88839 3.69643 1.96875C2.86607 2.29018 2.29018 2.86607 1.96875 3.69643C1.88839 3.91071 1.82143 4.19196 1.76786 4.54018C1.71429 4.86161 1.67411 5.26339 1.64732 5.74554C1.62054 6.20089 1.60714 6.57589 1.60714 6.87054C1.60714 7.13839 1.60714 7.55357 1.60714 8.11607C1.60714 8.65179 1.60714 8.94643 1.60714 9C1.60714 9.10714 1.60714 9.36161 1.60714 9.76339C1.60714 10.1384 1.60714 10.4598 1.60714 10.7277C1.60714 10.9688 1.60714 11.2902 1.60714 11.692C1.63393 12.0938 1.66071 12.442 1.6875 12.7366C1.71429 13.0045 1.75446 13.2857 1.80804 13.5804C1.86161 13.875 1.91518 14.1161 1.96875 14.3036C2.31696 15.1339 2.89286 15.7098 3.69643 16.0312C3.91071 16.1116 4.17857 16.1786 4.5 16.2321C4.84821 16.2857 5.25 16.3259 5.70536 16.3527C6.1875 16.3795 6.5625 16.3929 6.83036 16.3929C7.125 16.3929 7.54018 16.3929 8.07589 16.3929C8.63839 16.3929 8.94643 16.3929 9 16.3929C9.08036 16.3929 9.375 16.3929 9.88393 16.3929C10.4196 16.3929 10.8348 16.3929 11.1295 16.3929C11.4241 16.3929 11.7991 16.3795 12.2545 16.3527C12.7366 16.3259 13.1384 16.2857 13.4598 16.2321C13.808 16.1786 14.0893 16.1116 14.3036 16.0312C15.1339 15.683 15.7098 15.1071 16.0312 14.3036Z\"/> </symbol><symbol viewBox=\"0 0 24 24\" id=\"icon-keyboard-arrow-down\"><path d=\"M7.41 7.84L12 12.42l4.59-4.58L18 9.25l-6 6-6-6z\"/></symbol><symbol viewBox=\"0 0 24 24\" id=\"icon-keyboard-arrow-up\"><path d=\"M7.41 15.41L12 10.83l4.59 4.58L18 14l-6-6-6 6z\"/></symbol><symbol viewBox=\"0 0 32 32\" id=\"icon-linkedin\"> <path d=\"M27.2684444,27.2675556 L22.5226667,27.2675556 L22.5226667,19.8408889 C22.5226667,18.0702222 22.4924444,15.792 20.0568889,15.792 C17.5866667,15.792 17.2097778,17.7217778 17.2097778,19.7146667 L17.2097778,27.2675556 L12.4693333,27.2675556 L12.4693333,11.9964444 L17.0186667,11.9964444 L17.0186667,14.0844444 L17.0844444,14.0844444 C17.7173333,12.8835556 19.2657778,11.6177778 21.5742222,11.6177778 C26.3804444,11.6177778 27.2684444,14.7795556 27.2684444,18.8924444 L27.2684444,27.2675556 L27.2684444,27.2675556 Z M7.11822222,9.91022222 C5.59377778,9.91022222 4.36444444,8.67733333 4.36444444,7.15733333 C4.36444444,5.63822222 5.59377778,4.40533333 7.11822222,4.40533333 C8.63644444,4.40533333 9.86844444,5.63822222 9.86844444,7.15733333 C9.86844444,8.67733333 8.63644444,9.91022222 7.11822222,9.91022222 L7.11822222,9.91022222 Z M4.74133333,11.9964444 L9.49244444,11.9964444 L9.49244444,27.2675556 L4.74133333,27.2675556 L4.74133333,11.9964444 Z M29.632,0 L2.36,0 C1.05777778,0 0,1.03288889 0,2.30755556 L0,29.6906667 C0,30.9653333 1.05777778,32 2.36,32 L29.632,32 C30.9368889,32 31.9991111,30.9653333 31.9991111,29.6906667 L31.9991111,2.30755556 C31.9991111,1.03288889 30.9368889,0 29.632,0 L29.632,0 Z\" id=\"linkedin-Fill-4\"/> </symbol><symbol viewBox=\"0 0 512 512\" id=\"icon-list\"><path d=\"M128 116V76c0-8.837 7.163-16 16-16h352c8.837 0 16 7.163 16 16v40c0 8.837-7.163 16-16 16H144c-8.837 0-16-7.163-16-16zm16 176h352c8.837 0 16-7.163 16-16v-40c0-8.837-7.163-16-16-16H144c-8.837 0-16 7.163-16 16v40c0 8.837 7.163 16 16 16zm0 160h352c8.837 0 16-7.163 16-16v-40c0-8.837-7.163-16-16-16H144c-8.837 0-16 7.163-16 16v40c0 8.837 7.163 16 16 16zM16 144h64c8.837 0 16-7.163 16-16V64c0-8.837-7.163-16-16-16H16C7.163 48 0 55.163 0 64v64c0 8.837 7.163 16 16 16zm0 160h64c8.837 0 16-7.163 16-16v-64c0-8.837-7.163-16-16-16H16c-8.837 0-16 7.163-16 16v64c0 8.837 7.163 16 16 16zm0 160h64c8.837 0 16-7.163 16-16v-64c0-8.837-7.163-16-16-16H16c-8.837 0-16 7.163-16 16v64c0 8.837 7.163 16 16 16z\"/></symbol><symbol viewBox=\"0 0 24 24\" id=\"icon-lock\"><path d=\"M18 8h-1V6c0-2.76-2.24-5-5-5S7 3.24 7 6v2H6c-1.1 0-2 .9-2 2v10c0 1.1.9 2 2 2h12c1.1 0 2-.9 2-2V10c0-1.1-.9-2-2-2zm-6 9c-1.1 0-2-.9-2-2s.9-2 2-2 2 .9 2 2-.9 2-2 2zm3.1-9H8.9V6c0-1.71 1.39-3.1 3.1-3.1 1.71 0 3.1 1.39 3.1 3.1v2z\"/></symbol><symbol viewBox=\"0 0 176.515 33.863\" id=\"icon-logo-amazonpay\"> <path d=\" M 69.652 26.489 C 63.129 31.303 53.672 33.863 45.528 33.863 C 34.115 33.863 23.837 29.644 16.059 22.621 C 15.449 22.069 15.993 21.316 16.727 21.743 C 25.118 26.626 35.496 29.567 46.213 29.567 C 53.443 29.567 61.391 28.066 68.704 24.964 C 69.807 24.497 70.732 25.691 69.652 26.489 Z \" fill-rule=\"evenodd\"/> <path d=\" M 72.367 23.389 C 71.532 22.321 66.852 22.883 64.749 23.135 C 64.112 23.212 64.013 22.655 64.587 22.252 C 68.321 19.629 74.44 20.386 75.151 21.265 C 75.867 22.15 74.962 28.285 71.464 31.212 C 70.925 31.662 70.413 31.422 70.652 30.828 C 71.44 28.861 73.202 24.459 72.367 23.389 Z \" fill-rule=\"evenodd\"/> <path d=\" M 64.897 3.724 L 64.897 1.176 C 64.899 0.788 65.191 0.53 65.543 0.531 L 76.965 0.53 C 77.33 0.53 77.624 0.795 77.624 1.173 L 77.624 3.358 C 77.62 3.725 77.311 4.203 76.764 4.962 L 70.847 13.41 C 73.043 13.359 75.366 13.688 77.362 14.809 C 77.812 15.062 77.933 15.437 77.968 15.804 L 77.968 18.523 C 77.968 18.898 77.558 19.331 77.126 19.106 C 73.611 17.264 68.946 17.063 65.058 19.128 C 64.661 19.34 64.246 18.912 64.246 18.537 L 64.246 15.952 C 64.246 15.539 64.254 14.831 64.671 14.201 L 71.525 4.367 L 65.557 4.366 C 65.192 4.366 64.899 4.106 64.897 3.724 Z \" fill-rule=\"evenodd\"/> <path d=\" M 23.233 19.641 L 19.758 19.641 C 19.427 19.62 19.163 19.372 19.136 19.054 L 19.139 1.219 C 19.139 0.863 19.439 0.578 19.81 0.578 L 23.046 0.577 C 23.384 0.594 23.656 0.85 23.677 1.176 L 23.677 3.504 L 23.743 3.504 C 24.586 1.252 26.175 0.201 28.316 0.201 C 30.489 0.201 31.852 1.252 32.825 3.504 C 33.668 1.252 35.582 0.201 37.625 0.201 C 39.085 0.201 40.674 0.802 41.647 2.153 C 42.75 3.655 42.524 5.831 42.524 7.745 L 42.52 19 C 42.52 19.355 42.221 19.641 41.85 19.641 L 38.38 19.641 C 38.03 19.619 37.756 19.343 37.756 19.001 L 37.755 9.546 C 37.755 8.796 37.82 6.92 37.657 6.207 C 37.398 5.005 36.62 4.667 35.615 4.667 C 34.771 4.667 33.895 5.23 33.538 6.13 C 33.181 7.032 33.214 8.532 33.214 9.546 L 33.214 19 C 33.214 19.355 32.914 19.641 32.544 19.641 L 29.073 19.641 C 28.724 19.619 28.449 19.343 28.449 19.001 L 28.445 9.546 C 28.445 7.557 28.77 4.631 26.305 4.631 C 23.807 4.631 23.905 7.482 23.905 9.546 L 23.903 19 C 23.903 19.355 23.603 19.641 23.233 19.641 Z \" fill-rule=\"evenodd\"/> <path d=\" M 87.488 3.842 C 84.926 3.842 84.764 7.331 84.764 9.508 C 84.764 11.685 84.732 16.339 87.457 16.339 C 90.149 16.339 90.279 12.586 90.279 10.297 C 90.279 8.796 90.213 6.994 89.759 5.568 C 89.37 4.329 88.591 3.842 87.488 3.842 Z  M 87.457 0.201 C 92.614 0.201 95.403 4.631 95.403 10.26 C 95.403 15.7 92.322 20.017 87.457 20.017 C 82.396 20.017 79.639 15.588 79.639 10.072 C 79.639 4.517 82.428 0.201 87.457 0.201 Z \" fill-rule=\"evenodd\"/> <path d=\" M 102.092 19.641 L 98.629 19.641 C 98.282 19.619 98.006 19.343 98.006 19.001 L 98 1.16 C 98.03 0.833 98.318 0.578 98.668 0.578 L 101.891 0.577 C 102.195 0.593 102.445 0.799 102.509 1.076 L 102.509 3.804 L 102.574 3.804 C 103.548 1.364 104.909 0.201 107.309 0.201 C 108.866 0.201 110.391 0.764 111.364 2.303 C 112.272 3.729 112.272 6.13 112.272 7.857 L 112.272 19.08 C 112.234 19.396 111.95 19.641 111.606 19.641 L 108.123 19.641 C 107.801 19.621 107.542 19.384 107.504 19.08 L 107.504 9.397 C 107.504 7.445 107.732 4.592 105.331 4.592 C 104.488 4.592 103.709 5.155 103.32 6.018 C 102.833 7.107 102.768 8.195 102.768 9.397 L 102.768 19 C 102.762 19.355 102.462 19.641 102.092 19.641 Z \" fill-rule=\"evenodd\"/> <path d=\" M 59.294 19.597 C 59.065 19.803 58.734 19.817 58.474 19.678 C 57.32 18.719 57.113 18.276 56.482 17.362 C 54.575 19.305 53.224 19.888 50.753 19.888 C 47.828 19.888 45.552 18.082 45.552 14.472 C 45.552 11.651 47.081 9.733 49.258 8.793 C 51.143 7.965 53.776 7.815 55.792 7.589 L 55.792 7.138 C 55.792 6.309 55.857 5.333 55.369 4.618 C 54.946 3.978 54.134 3.715 53.419 3.715 C 52.093 3.715 50.916 4.394 50.626 5.801 C 50.565 6.114 50.337 6.425 50.023 6.441 L 46.654 6.076 C 46.37 6.011 46.054 5.783 46.135 5.349 C 46.9 1.32 50.498 0.064 53.768 0.03 L 54.026 0.03 C 55.7 0.051 57.838 0.51 59.14 1.759 C 60.831 3.339 60.667 5.445 60.667 7.74 L 60.667 13.153 C 60.667 14.782 61.344 15.496 61.979 16.373 C 62.202 16.69 62.251 17.065 61.968 17.297 C 61.258 17.892 59.997 18.987 59.304 19.605 L 59.294 19.597 Z  M 55.792 11.125 C 55.792 12.479 55.824 13.607 55.142 14.811 C 54.589 15.788 53.711 16.39 52.736 16.39 C 51.404 16.39 50.624 15.375 50.624 13.87 C 50.624 10.91 53.278 10.372 55.792 10.372 L 55.792 11.125 Z \" fill-rule=\"evenodd\"/> <path d=\" M 13.743 19.597 C 13.513 19.803 13.181 19.817 12.922 19.678 C 11.767 18.719 11.56 18.276 10.93 17.362 C 9.022 19.305 7.672 19.888 5.201 19.888 C 2.276 19.888 0 18.082 0 14.472 C 0 11.651 1.527 9.733 3.706 8.793 C 5.591 7.965 8.224 7.815 10.239 7.589 L 10.239 7.138 C 10.239 6.309 10.305 5.333 9.817 4.618 C 9.394 3.978 8.581 3.715 7.867 3.715 C 6.541 3.715 5.362 4.394 5.074 5.801 C 5.014 6.114 4.785 6.425 4.47 6.441 L 1.102 6.076 C 0.817 6.011 0.501 5.783 0.583 5.349 C 1.346 1.32 4.945 0.064 8.216 0.03 L 8.474 0.03 C 10.148 0.051 12.286 0.51 13.588 1.759 C 15.278 3.339 15.115 5.445 15.115 7.74 L 15.115 13.153 C 15.115 14.782 15.792 15.496 16.427 16.373 C 16.648 16.69 16.699 17.065 16.416 17.297 C 15.706 17.892 14.444 18.987 13.751 19.605 L 13.743 19.597 Z  M 10.239 11.125 C 10.239 12.479 10.272 13.607 9.589 14.811 C 9.037 15.788 8.159 16.39 7.183 16.39 C 5.851 16.39 5.071 15.375 5.071 13.87 C 5.071 10.91 7.726 10.372 10.239 10.372 L 10.239 11.125 Z \" fill-rule=\"evenodd\"/> <path d=\" M 159.773 26.039 C 159.773 25.587 159.773 25.181 159.773 24.729 C 159.773 24.356 159.956 24.099 160.345 24.122 C 161.071 24.225 162.098 24.328 162.827 24.178 C 163.779 23.98 164.462 23.305 164.866 22.38 C 165.435 21.078 165.812 20.028 166.05 19.339 L 158.821 1.431 C 158.699 1.127 158.663 0.563 159.27 0.563 L 161.797 0.563 C 162.279 0.563 162.475 0.869 162.583 1.169 L 167.824 15.715 L 172.827 1.169 C 172.929 0.871 173.134 0.563 173.612 0.563 L 175.995 0.563 C 176.598 0.563 176.564 1.126 176.444 1.431 L 169.273 19.898 C 168.345 22.356 167.109 26.271 164.325 26.951 C 162.929 27.316 161.168 27.184 160.134 26.751 C 159.873 26.62 159.773 26.27 159.773 26.039 Z \" fill-rule=\"evenodd\"/> <path d=\" M 156.402 18.55 C 156.402 18.883 156.129 19.156 155.794 19.156 L 154.012 19.156 C 153.627 19.156 153.364 18.878 153.315 18.55 L 153.136 17.337 C 152.317 18.03 151.312 18.639 150.222 19.063 C 148.126 19.877 145.71 20.012 143.662 18.754 C 142.181 17.845 141.395 16.068 141.395 14.235 C 141.395 12.817 141.832 11.411 142.801 10.39 C 144.094 8.995 145.968 8.31 148.231 8.31 C 149.598 8.31 151.554 8.471 152.977 8.936 L 152.977 6.495 C 152.977 4.013 151.932 2.939 149.177 2.939 C 147.071 2.939 145.46 3.257 143.218 3.954 C 142.859 3.966 142.649 3.693 142.649 3.36 L 142.649 1.968 C 142.649 1.634 142.934 1.311 143.243 1.213 C 144.844 0.515 147.112 0.08 149.523 0 C 152.666 0 156.402 0.709 156.402 5.543 L 156.402 18.55 Z  M 152.977 14.986 L 152.977 11.303 C 151.781 10.976 149.802 10.84 149.036 10.84 C 147.826 10.84 146.501 11.126 145.809 11.871 C 145.292 12.417 145.058 13.201 145.058 13.959 C 145.058 14.939 145.397 15.922 146.189 16.408 C 147.109 17.033 148.536 16.957 149.877 16.576 C 151.166 16.21 152.376 15.563 152.977 14.986 Z \" fill-rule=\"evenodd\"/> <path d=\" M 130.127 2.994 C 134.081 2.994 135.158 6.103 135.158 9.663 C 135.18 12.063 134.739 14.203 133.496 15.428 C 132.566 16.345 131.527 16.595 129.963 16.595 C 128.571 16.595 126.74 15.869 125.372 14.858 L 125.372 4.679 C 126.796 3.585 128.613 2.994 130.127 2.994 Z  M 124.766 26.678 L 122.379 26.678 C 122.045 26.678 121.772 26.405 121.772 26.072 C 121.772 17.782 121.772 9.491 121.772 1.201 C 121.772 0.868 122.045 0.595 122.379 0.595 L 124.206 0.595 C 124.59 0.595 124.853 0.873 124.902 1.201 L 125.094 2.504 C 126.805 0.985 129.008 0.011 131.107 0.011 C 136.986 0.011 138.919 4.855 138.919 9.892 C 138.919 15.281 135.962 19.611 130.961 19.611 C 128.855 19.611 126.886 18.834 125.372 17.484 L 125.372 26.072 C 125.372 26.405 125.099 26.678 124.766 26.678 Z \" fill-rule=\"evenodd\"/></symbol><symbol viewBox=\"0 0 70 32\" id=\"icon-logo-american-express\"> <path d=\"M69.102 17.219l0.399 9.094c-0.688 0.313-3.285 1.688-4.26 1.688h-4.788v-0.656c-0.546 0.438-1.549 0.656-2.467 0.656h-15.053v-2.466c0-0.344-0.057-0.344-0.345-0.344h-0.257v2.81h-4.961v-2.924c-0.832 0.402-1.749 0.402-2.581 0.402h-0.544v2.523h-6.050l-1.434-1.656-1.577 1.656h-9.72v-10.781h9.892l1.405 1.663 1.548-1.663h6.652c0.775 0 2.037 0.115 2.581 0.66v-0.66h5.936c0.602 0 1.749 0.115 2.523 0.66v-0.66h8.946v0.66c0.516-0.43 1.433-0.66 2.265-0.66h4.988v0.66c0.546-0.372 1.32-0.66 2.323-0.66h4.578zM34.905 23.871c1.577 0 3.183-0.43 3.183-2.581 0-2.093-1.635-2.523-3.069-2.523h-5.878l-2.38 2.523-2.236-2.523h-7.427v7.67h7.312l2.351-2.509 2.266 2.509h3.556v-2.566h2.322zM46.001 23.556c-0.172-0.23-0.487-0.516-0.946-0.66 0.516-0.172 1.318-0.832 1.318-2.036 0-0.889-0.315-1.377-0.917-1.721-0.602-0.315-1.319-0.372-2.266-0.372h-4.215v7.67h1.864v-2.796h1.978c0.66 0 1.032 0.058 1.319 0.344 0.316 0.373 0.316 1.032 0.316 1.548v0.903h1.836v-1.477c0-0.688-0.058-1.032-0.288-1.405zM53.571 20.373v-1.605h-6.136v7.67h6.136v-1.563h-4.33v-1.549h4.244v-1.548h-4.244v-1.405h4.33zM58.245 26.438c1.864 0 2.926-0.759 2.926-2.393 0-0.774-0.23-1.262-0.545-1.664-0.459-0.372-1.119-0.602-2.151-0.602h-1.004c-0.258 0-0.487-0.057-0.717-0.115-0.201-0.086-0.373-0.258-0.373-0.545 0-0.258 0.058-0.43 0.287-0.602 0.143-0.115 0.373-0.115 0.717-0.115h3.383v-1.634h-3.671c-1.978 0-2.638 1.204-2.638 2.294 0 2.438 2.151 2.322 3.842 2.38 0.344 0 0.544 0.058 0.66 0.173 0.115 0.086 0.23 0.315 0.23 0.544 0 0.201-0.115 0.373-0.23 0.488-0.173 0.115-0.373 0.172-0.717 0.172h-3.555v1.62h3.555zM65.442 26.439c1.864 0 2.924-0.76 2.924-2.394 0-0.774-0.229-1.262-0.544-1.664-0.459-0.372-1.119-0.602-2.151-0.602h-1.003c-0.258 0-0.488-0.057-0.718-0.115-0.201-0.086-0.373-0.258-0.373-0.545 0-0.258 0.115-0.43 0.287-0.602 0.144-0.115 0.373-0.115 0.717-0.115h3.383v-1.634h-3.671c-1.921 0-2.638 1.204-2.638 2.294 0 2.438 2.151 2.322 3.842 2.38 0.344 0 0.544 0.058 0.66 0.174 0.115 0.086 0.229 0.315 0.229 0.544 0 0.201-0.114 0.373-0.229 0.488s-0.373 0.172-0.717 0.172h-3.556v1.62h3.556zM43.966 20.518c0.23 0.115 0.373 0.344 0.373 0.659 0 0.344-0.143 0.602-0.373 0.774-0.287 0.115-0.545 0.115-0.889 0.115l-2.237 0.058v-1.749h2.237c0.344 0 0.659 0 0.889 0.143zM36.108 8.646c-0.287 0.172-0.544 0.172-0.918 0.172h-2.265v-1.692h2.265c0.316 0 0.688 0 0.918 0.114 0.23 0.144 0.344 0.374 0.344 0.718 0 0.315-0.114 0.602-0.344 0.689zM50.789 6.839l1.262 3.039h-2.523zM30.775 25.792l-2.838-3.183 2.838-3.011v6.193zM35.019 20.373c0.66 0 1.090 0.258 1.090 0.918s-0.43 1.032-1.090 1.032h-2.437v-1.95h2.437zM5.773 9.878l1.291-3.039 1.262 3.039h-2.552zM18.905 20.372l4.616 0 2.036 2.237-2.093 2.265h-4.559v-1.549h4.071v-1.548h-4.071v-1.405zM19.077 13.376l-0.545 1.377h-3.24l-0.546-1.319v1.319h-6.222l-0.66-1.749h-1.577l-0.717 1.749h-5.572l2.389-5.649 2.237-5.104h4.789l0.659 1.262v-1.262h5.591l1.262 2.724 1.233-2.724h17.835c0.832 0 1.548 0.143 2.093 0.602v-0.602h4.903v0.602c0.803-0.459 1.864-0.602 3.068-0.602h7.082l0.66 1.262v-1.262h5.218l0.775 1.262v-1.262h5.103v10.753h-5.161l-1.003-1.635v1.635h-6.423l-0.717-1.749h-1.577l-0.717 1.749h-3.355c-1.318 0-2.294-0.316-2.954-0.659v0.659h-7.971v-2.466c0-0.344-0.057-0.402-0.286-0.402h-0.258v2.867h-15.398v-1.377zM43.363 6.409c-0.832 0.831-0.975 1.864-1.004 3.011 0 1.377 0.344 2.266 0.947 2.925 0.659 0.66 1.806 0.86 2.695 0.86h2.151l0.716-1.692h3.843l0.717 1.692h3.727v-5.763l3.47 5.763h2.638v-7.684h-1.892v5.333l-3.24-5.333h-2.839v7.254l-3.096-7.254h-2.724l-2.638 6.050h-0.832c-0.487 0-1.003-0.115-1.262-0.373-0.344-0.402-0.488-1.004-0.488-1.836 0-0.803 0.144-1.405 0.488-1.748 0.373-0.316 0.774-0.431 1.434-0.431h1.749v-1.663h-1.749c-1.262 0-2.265 0.286-2.81 0.889zM39.579 5.52v7.684h1.863v-7.684h-1.863zM31.12 5.52l-0 7.685h1.806v-2.781h1.979c0.66 0 1.090 0.057 1.376 0.315 0.316 0.401 0.258 1.061 0.258 1.491v0.975h1.892v-1.519c0-0.66-0.057-1.004-0.344-1.377-0.172-0.229-0.487-0.488-0.889-0.659 0.516-0.23 1.319-0.832 1.319-2.036 0-0.889-0.373-1.377-0.976-1.75-0.602-0.344-1.262-0.344-2.208-0.344h-4.215zM23.636 5.521v7.685h6.165v-1.577h-4.301v-1.549h4.244v-1.577h-4.244v-1.377h4.301v-1.606h-6.165zM16.124 13.205h1.577l2.695-6.021v6.021h1.864v-7.684h-3.011l-2.265 5.219-2.409-5.219h-2.953v7.254l-3.154-7.254h-2.724l-3.297 7.684h1.978l0.688-1.692h3.871l0.688 1.692h3.756v-6.021z\"/> </symbol><symbol viewBox=\"0 0 95 32\" id=\"icon-logo-discover\"> <path d=\"M50.431 8.059c4.546 0 8.092 3.49 8.092 7.936 0 4.471-3.571 7.961-8.093 7.961-4.638 0-8.115-3.444-8.115-8.051 0-4.334 3.635-7.845 8.115-7.845zM4.362 8.345c4.811 0 8.168 3.133 8.168 7.64 0 2.247-1.028 4.422-2.761 5.864-1.461 1.214-3.126 1.761-5.429 1.761h-4.339v-15.265h4.362zM7.832 19.81c1.027-0.912 1.639-2.379 1.639-3.847 0-1.464-0.612-2.882-1.639-3.798-0.984-0.892-2.146-1.235-4.065-1.235h-0.797v10.096h0.797c1.919 0 3.127-0.367 4.065-1.216zM13.9 23.611v-15.265h2.965v15.265h-2.965zM24.123 14.201c3.378 1.238 4.379 2.338 4.379 4.764 0 2.952-2.166 5.015-5.247 5.015-2.261 0-3.904-0.896-5.271-2.907l1.914-1.856c0.685 1.328 1.825 2.036 3.24 2.036 1.325 0 2.308-0.915 2.308-2.152 0-0.641-0.298-1.189-0.891-1.578-0.297-0.187-0.889-0.46-2.054-0.87-2.784-1.010-3.742-2.085-3.742-4.192 0-2.493 2.055-4.371 4.745-4.371 1.667 0 3.196 0.571 4.473 1.696l-1.549 2.033c-0.778-0.867-1.508-1.233-2.398-1.233-1.28 0-2.213 0.732-2.213 1.694 0 0.821 0.525 1.258 2.307 1.921zM29.438 15.986c0-4.436 3.605-7.985 8.101-7.985 1.278 0 2.352 0.273 3.653 0.935v3.504c-1.233-1.213-2.308-1.717-3.72-1.717-2.787 0-4.976 2.313-4.976 5.241 0 3.092 2.123 5.267 5.112 5.267 1.347 0 2.397-0.48 3.585-1.671v3.504c-1.347 0.638-2.443 0.892-3.72 0.892-4.519 0-8.034-3.478-8.034-7.97zM65.239 18.601l4.11-10.254h3.216l-6.573 15.655h-1.596l-6.46-15.655h3.24zM73.914 23.612v-15.265h8.418v2.585h-5.453v3.388h5.244v2.585h-5.244v4.123h5.453v2.584h-8.418zM94.081 12.852c0 2.336-1.23 3.87-3.469 4.329l4.794 6.43h-3.651l-4.105-6.135h-0.388v6.135h-2.969v-15.265h4.404c3.425 0 5.384 1.645 5.384 4.506zM88.125 15.372c1.9 0 2.903-0.827 2.903-2.359 0-1.486-1.004-2.266-2.856-2.266h-0.911v4.626h0.863z\"/> </symbol><symbol viewBox=\"0 0 435.97 173.13\" id=\"icon-logo-googlepay\"> <path d=\"M206.2,84.58v50.75H190.1V10h42.7a38.61,38.61,0,0,1,27.65,10.85A34.88,34.88,0,0,1,272,47.3a34.72,34.72,0,0,1-11.55,26.6q-11.2,10.68-27.65,10.67H206.2Zm0-59.15V69.18h27a21.28,21.28,0,0,0,15.93-6.48,21.36,21.36,0,0,0,0-30.63,21,21,0,0,0-15.93-6.65h-27Z\"/> <path d=\"M309.1,46.78q17.85,0,28.18,9.54T347.6,82.48v52.85H332.2v-11.9h-.7q-10,14.7-26.6,14.7-14.17,0-23.71-8.4a26.82,26.82,0,0,1-9.54-21q0-13.31,10.06-21.17t26.86-7.88q14.34,0,23.62,5.25V81.25A18.33,18.33,0,0,0,325.54,67,22.8,22.8,0,0,0,310,61.13q-13.49,0-21.35,11.38l-14.18-8.93Q286.17,46.78,309.1,46.78Zm-20.83,62.3a12.86,12.86,0,0,0,5.34,10.5,19.64,19.64,0,0,0,12.51,4.2,25.67,25.67,0,0,0,18.11-7.52q8-7.53,8-17.67-7.53-6-21-6-9.81,0-16.36,4.73C290.46,100.52,288.27,104.41,288.27,109.08Z\"/> <path d=\"M436,49.58,382.24,173.13H365.62l19.95-43.23L350.22,49.58h17.5l25.55,61.6h.35l24.85-61.6Z\"/> <path d=\"M141.14,73.64A85.79,85.79,0,0,0,139.9,59H72V86.73h38.89a33.33,33.33,0,0,1-14.38,21.88v18h23.21C133.31,114.08,141.14,95.55,141.14,73.64Z\"/> <path d=\"M72,144c19.43,0,35.79-6.38,47.72-17.38l-23.21-18C90.05,113,81.73,115.5,72,115.5c-18.78,0-34.72-12.66-40.42-29.72H7.67v18.55A72,72,0,0,0,72,144Z\"/> <path d=\"M31.58,85.78a43.14,43.14,0,0,1,0-27.56V39.67H7.67a72,72,0,0,0,0,64.66Z\"/> <path d=\"M72,28.5A39.09,39.09,0,0,1,99.62,39.3h0l20.55-20.55A69.18,69.18,0,0,0,72,0,72,72,0,0,0,7.67,39.67L31.58,58.22C37.28,41.16,53.22,28.5,72,28.5Z\"/> </symbol><symbol viewBox=\"0 0 49.866 49.866\" id=\"icon-logo-klarna\"><path d=\"M13.201 18.265h-1.658c-.415.001-.454.042-.454.462v12.291c0 .343.059.4.397.402.542.003 1.085 0 1.629 0 .511 0 .558-.045.558-.549V20.438v-1.715c-.001-.389-.073-.457-.472-.458zM2.339 18.266a85.129 85.129 0 0 0-1.516.001c-.53.008-.823.31-.823.842v11.866c0 .349.047.396.397.396.514.004 1.029.004 1.543 0 .54-.004.811-.273.811-.81V18.695c.001-.347-.072-.426-.412-.429zM9.724 31.072c-.147-1.464-.68-2.763-1.705-3.836-1.104-1.154-2.462-1.789-3.943-1.936-.478-.009-.482-.009-.469.352.005.133.031.264.051.396.265 1.755 1.123 3.153 2.551 4.198.936.688 1.995 1.045 3.148 1.153.343.033.401.009.367-.327zM9.365 18.298c-.131.021-.267.013-.397.033-1.502.239-2.777.904-3.791 2.043-.929 1.042-1.445 2.271-1.567 3.659-.031.362-.011.363.37.412.523-.129 1.067-.208 1.567-.398 2.497-.948 3.863-2.788 4.178-5.428.04-.335-.016-.373-.36-.321zM22.763 24.496c-.038-1.457-.867-2.432-2.269-2.777-1.555-.386-3.096-.16-4.629.167-.182.038-.257.169-.253.36.008.341.002.685.002 1.028 0 .489.064.513.548.484a52.359 52.359 0 0 1 2.964-.098c.59 0 .948.333 1.046.867.031.166.019.342.019.513.002.663.001.669-.653.661-.914-.009-1.825.021-2.71.289-.914.274-1.571.815-1.769 1.789a4.336 4.336 0 0 0 .039 1.896c.212.875.742 1.471 1.608 1.729.962.283 1.915.242 2.83-.201.262-.127.511-.283.804-.446.012.091.021.137.023.184.022.43.076.484.512.484.514.001 1.028.002 1.543 0 .299-.002.405-.097.404-.388-.013-2.181-.002-4.363-.059-6.541zm-2.825 4.912c-.56.217-1.126.334-1.727.23-.374-.064-.648-.286-.68-.666a3.803 3.803 0 0 1 .06-1.044c.073-.362.339-.627.702-.673.592-.073 1.191-.089 1.787-.11.053-.002.154.127.159.201.019.294.008.59.008.885 0 .23-.018.46.005.687.03.264-.073.398-.314.49zM48.592 20.968v.075h.21v.613h.09v-.613h.21v-.075zM49.823 20.968h-.119l-.123.333c-.029.087-.055.162-.072.232h-.001c-.021-.072-.042-.148-.07-.232l-.117-.333h-.113l-.047.688h.084l.02-.296a9.67 9.67 0 0 0 .013-.304h.002c.021.081.047.17.079.267l.112.329h.067l.121-.335c.035-.095.062-.181.086-.261h.002c0 .084.006.202.013.297l.016.303h.09l-.043-.688zM39.115 25.146a7.65 7.65 0 0 0-.18-1.557c-.225-1.055-.83-1.798-1.941-1.992-1.213-.215-2.369-.043-3.41.663-.102.068-.204.13-.379.241-.008-.205-.02-.332-.022-.461-.008-.336-.066-.399-.404-.401-.537-.003-1.069-.004-1.602.001-.314.002-.408.1-.408.413v8.918c0 .349.094.445.436.447.591.002 1.182-.006 1.773.005.264.003.383-.101.378-.372-.01-.59-.003-1.18-.003-1.772 0-1.572-.003-3.144.006-4.716 0-.13.034-.325.121-.379.656-.404 1.36-.652 2.143-.522.431.071.733.324.814.769.057.308.1.621.1.933.012 1.869.006 3.736.006 5.604 0 .407.047.452.464.452.534.003 1.069.003 1.602 0 .461 0 .514-.051.514-.502 0-1.922.013-3.846-.008-5.772zM48.216 25.035a5.978 5.978 0 0 0-.06-.884c-.178-1.14-.789-1.954-1.896-2.323a5.778 5.778 0 0 0-1.446-.293c-1.164-.073-2.314.066-3.453.323-.25.058-.355.194-.354.438v.943c0 .506.07.545.562.519.98-.055 1.959-.099 2.938-.105.632-.002.986.323 1.093.948.048.28.022.571.037.854.01.188-.079.25-.259.244-.41-.006-.825-.041-1.229.008-.695.082-1.4.162-2.072.35-.891.251-1.469.874-1.615 1.812-.059.389-.049.793-.03 1.189.076 1.608 1.303 2.664 2.908 2.534.811-.063 1.575-.256 2.239-.751.045-.032.102-.05.164-.078.029.044.047.055.049.073a.87.87 0 0 1 .017.144c.022.415.049.44.475.44.496.003.99.003 1.486 0 .399 0 .448-.045.448-.438.001-1.982.003-3.965-.002-5.947zm-2.519 3.974c.007.182-.071.278-.23.349-.585.259-1.186.392-1.829.287-.463-.079-.734-.393-.726-.975.015-.989.233-1.436 1.436-1.527.359-.028.724.001 1.085-.007.203-.009.268.086.264.274-.009.276-.004.554-.004.828.002.256-.008.512.004.771zM29.692 21.877c.001-.255-.113-.364-.366-.354a3.64 3.64 0 0 0-2.018.701c-.082.06-.164.115-.287.203-.01-.137-.021-.218-.021-.3-.008-.41-.08-.486-.481-.486-.517-.002-1.029-.001-1.544-.001-.471.001-.549.077-.549.546v8.718c0 .422.093.516.494.516.542.003 1.087.003 1.63 0 .438 0 .508-.066.508-.518.001-2.113.003-4.229-.004-6.347 0-.209.061-.328.253-.419.636-.299 1.288-.523 2.003-.494.262.011.389-.088.383-.365a34.39 34.39 0 0 1-.001-1.4z\"/></symbol><symbol viewBox=\"0 0 54 32\" id=\"icon-logo-mastercard\"> <path d=\"M48.366 15.193c0.6 0 0.9 0.437 0.9 1.282 0 1.281-0.546 2.209-1.337 2.209-0.6 0-0.9-0.436-0.9-1.31 0-1.281 0.573-2.182 1.337-2.182zM38.276 18.275c0-0.655 0.491-1.009 1.472-1.009 0.109 0 0.191 0.027 0.382 0.027-0.027 0.982-0.545 1.636-1.227 1.636-0.382 0-0.628-0.245-0.628-0.655zM26.278 15.848c0 0.082-0 0.192-0 0.327h-1.909c0.164-0.763 0.545-1.173 1.091-1.173 0.518 0 0.818 0.3 0.818 0.845zM38.060 0.002c8.838 0 16.003 7.165 16.003 16.002s-7.165 15.999-16.003 15.999c-3.834 0-7.324-1.344-10.080-3.594 2.102-2.031 3.707-4.567 4.568-7.44h-1.33c-0.833 2.553-2.297 4.807-4.199 6.627-1.892-1.816-3.342-4.078-4.172-6.62h-1.33c0.858 2.856 2.435 5.401 4.521 7.432-2.749 2.219-6.223 3.594-10.036 3.594-8.837 0-16.002-7.163-16.002-15.999s7.164-16.001 16.002-16.001c3.814 0 7.287 1.377 10.036 3.603-2.087 2.023-3.664 4.568-4.521 7.424h1.33c0.83-2.542 2.28-4.804 4.172-6.607 1.903 1.808 3.367 4.060 4.199 6.614h1.33c-0.861-2.872-2.466-5.413-4.568-7.443 2.757-2.249 6.246-3.592 10.080-3.592zM7.217 20.213h1.691l1.336-8.044h-2.672l-1.637 4.99-0.082-4.99h-2.454l-1.336 8.044h1.582l1.037-6.135 0.136 6.135h1.173l2.209-6.189zM14.47 19.477l0.054-0.408 0.382-2.318c0.109-0.736 0.136-0.982 0.136-1.309 0-1.254-0.791-1.909-2.263-1.909-0.627 0-1.2 0.082-2.045 0.327l-0.246 1.473 0.163-0.028 0.246-0.081c0.382-0.109 0.928-0.164 1.418-0.164 0.79 0 1.091 0.164 1.091 0.6 0 0.109 0 0.191-0.055 0.409-0.273-0.027-0.518-0.054-0.709-0.054-1.909 0-2.999 0.927-2.999 2.536 0 1.064 0.627 1.773 1.554 1.773 0.791 0 1.364-0.246 1.8-0.791l-0.027 0.682h1.418l0.027-0.164 0.027-0.246zM17.988 16.314c-0.736-0.327-0.819-0.409-0.819-0.709 0-0.355 0.3-0.519 0.845-0.519 0.328 0 0.791 0.028 1.227 0.082l0.246-1.5c-0.436-0.082-1.118-0.137-1.5-0.137-1.909 0-2.59 1.009-2.563 2.208 0 0.818 0.382 1.391 1.282 1.828 0.709 0.327 0.818 0.436 0.818 0.709 0 0.409-0.3 0.6-0.982 0.6-0.518 0-0.982-0.082-1.527-0.245l-0.246 1.5 0.082 0.027 0.3 0.054c0.109 0.027 0.246 0.055 0.464 0.055 0.382 0.054 0.709 0.054 0.928 0.054 1.8 0 2.645-0.682 2.645-2.181 0-0.9-0.354-1.418-1.2-1.828zM21.75 18.741c-0.409 0-0.573-0.136-0.573-0.464 0-0.082 0-0.164 0.027-0.273l0.463-2.726h0.873l0.218-1.609h-0.873l0.191-0.982h-1.691l-0.737 4.472-0.082 0.518-0.109 0.654c-0.027 0.191-0.055 0.409-0.055 0.573 0 0.954 0.491 1.445 1.364 1.445 0.382 0 0.764-0.055 1.227-0.218l0.218-1.445c-0.109 0.054-0.273 0.054-0.464 0.054zM25.732 18.851c-0.982 0-1.5-0.381-1.5-1.145 0-0.055 0-0.109 0.027-0.191h3.382c0.163-0.682 0.218-1.145 0.218-1.636 0-1.446-0.9-2.373-2.318-2.373-1.718 0-2.973 1.663-2.973 3.899 0 1.936 0.982 2.945 2.89 2.945 0.628 0 1.173-0.082 1.773-0.273l0.273-1.636c-0.6 0.3-1.145 0.409-1.773 0.409zM31.158 15.524h0.109c0.164-0.79 0.382-1.363 0.655-1.881l-0.055-0.027h-0.164c-0.573 0-0.9 0.273-1.418 1.064l0.164-1.009h-1.554l-1.064 6.544h1.718c0.627-4.008 0.791-4.69 1.609-4.69zM36.122 20.133l0.3-1.827c-0.545 0.273-1.036 0.409-1.445 0.409-1.009 0-1.609-0.737-1.609-1.963 0-1.773 0.9-3.027 2.182-3.027 0.491 0 0.928 0.136 1.528 0.436l0.3-1.745c-0.163-0.054-0.218-0.082-0.436-0.163l-0.682-0.164c-0.218-0.054-0.491-0.082-0.791-0.082-2.263 0-3.845 2.018-3.845 4.88 0 2.155 1.146 3.491 3 3.491 0.463 0 0.872-0.082 1.5-0.246zM41.521 19.069l0.355-2.318c0.136-0.736 0.136-0.982 0.136-1.309 0-1.254-0.763-1.909-2.236-1.909-0.627 0-1.2 0.082-2.045 0.327l-0.246 1.473 0.164-0.028 0.218-0.081c0.382-0.109 0.955-0.164 1.446-0.164 0.791 0 1.091 0.164 1.091 0.6 0 0.109-0.027 0.191-0.082 0.409-0.246-0.027-0.491-0.054-0.682-0.054-1.909 0-3 0.927-3 2.536 0 1.064 0.627 1.773 1.555 1.773 0.791 0 1.363-0.246 1.8-0.791l-0.028 0.682h1.418v-0.164l0.027-0.246 0.054-0.327zM43.648 20.214c0.627-4.008 0.791-4.69 1.608-4.69h0.109c0.164-0.79 0.382-1.363 0.655-1.881l-0.055-0.027h-0.164c-0.572 0-0.9 0.273-1.418 1.064l0.164-1.009h-1.554l-1.037 6.544h1.691zM48.829 20.214l1.608 0 1.309-8.044h-1.691l-0.382 2.291c-0.464-0.6-0.955-0.9-1.637-0.9-1.5 0-2.782 1.854-2.782 4.035 0 1.636 0.818 2.7 2.073 2.7 0.627 0 1.118-0.218 1.582-0.709zM11.306 18.279c0-0.655 0.492-1.009 1.447-1.009 0.136 0 0.218 0.027 0.382 0.027-0.027 0.982-0.518 1.636-1.228 1.636-0.382 0-0.6-0.245-0.6-0.655z\"/> </symbol><symbol viewBox=\"0 0 57 32\" id=\"icon-logo-paypal\"> <path d=\"M47.11 10.477c2.211-0.037 4.633 0.618 4.072 3.276l-1.369 6.263h-3.159l0.211-0.947c-1.72 1.712-6.038 1.821-5.335-2.111 0.491-2.294 2.878-3.023 6.423-3.023 0.246-1.020-0.457-1.274-1.65-1.238s-2.633 0.437-3.089 0.655l0.281-2.293c0.913-0.182 2.106-0.583 3.615-0.583zM47.32 16.885c0.069-0.291 0.106-0.547 0.176-0.838h-0.773c-0.596 0-1.579 0.146-1.931 0.765-0.456 0.728 0.177 1.348 0.878 1.311 0.807-0.037 1.474-0.401 1.65-1.238zM53.883 8h3.242l-2.646 12.016h-3.209zM39.142 8.037c1.689 0 3.729 1.274 3.131 4.077-0.528 2.476-2.498 3.933-4.89 3.933h-2.428l-0.879 3.969h-3.412l2.603-11.979h5.874zM39.037 12.114c0.211-0.911-0.317-1.638-1.197-1.638h-1.689l-0.704 3.277h1.583c0.88 0 1.795-0.728 2.006-1.638zM16.346 10.476c2.184-0.037 4.611 0.618 4.056 3.276l-1.352 6.262h-3.155l0.208-0.947c-1.664 1.712-5.929 1.821-5.235-2.111 0.486-2.294 2.844-3.023 6.345-3.023 0.208-1.020-0.485-1.274-1.664-1.238s-2.601 0.437-3.017 0.655l0.277-2.293c0.867-0.182 2.046-0.583 3.537-0.583zM16.589 16.885c0.035-0.291 0.104-0.547 0.173-0.838h-0.797c-0.555 0-1.525 0.146-1.872 0.765-0.451 0.728 0.138 1.348 0.832 1.311 0.797-0.037 1.491-0.401 1.664-1.238zM28.528 10.648l3.255-0-7.496 13.351h-3.528l2.306-3.925-1.289-9.426h3.156l0.508 5.579zM8.499 8.036c1.728 0 3.738 1.274 3.139 4.077-0.529 2.476-2.504 3.933-4.867 3.933h-2.468l-0.847 3.969h-3.456l2.609-11.979h5.89zM8.393 12.114c0.247-0.911-0.317-1.638-1.164-1.638h-1.693l-0.741 3.277h1.623c0.882 0 1.763-0.728 1.975-1.638z\"/> </symbol><symbol viewBox=\"0 0 26 26\" id=\"icon-logo-small\"><path d=\"M17.647 12.125h-3.323c-.11 0-.197.087-.197.194v2.327c0 .107.087.193.197.193h3.323c.95 0 1.542-.524 1.542-1.357 0-.795-.594-1.358-1.543-1.358zm-2.62-2.423h3.233c2.51 0 3.988 1.57 3.988 3.296 0 1.35-.915 2.345-1.885 2.78-.155.07-.15.283.01.346 1.128.443 1.94 1.623 1.94 3 0 1.96-1.305 3.512-3.837 3.512h-6.96c-.11 0-.197-.087-.197-.194v-9.03L.237 24.49c-.51.508-.148 1.378.57 1.378h24.254c.446 0 .808-.362.808-.808V.81c0-.72-.87-1.08-1.38-.572L15.03 9.702zm-.703 7.562c-.11 0-.197.087-.197.194v2.56c0 .106.087.193.197.193h3.44c1.05 0 1.682-.542 1.682-1.472 0-.815-.593-1.474-1.68-1.474h-3.442z\" fill=\"#000\" fill-rule=\"evenodd\"/></symbol><symbol viewBox=\"0 0 49 32\" id=\"icon-logo-visa\"> <path d=\"M14.059 10.283l4.24-0-6.302 15.472-4.236 0.003-3.259-12.329c2.318 0.952 4.379 3.022 5.219 5.275l0.42 2.148zM17.416 25.771l2.503-15.501h4.001l-2.503 15.501h-4.002zM31.992 16.494c2.31 1.106 3.375 2.444 3.362 4.211-0.032 3.217-2.765 5.295-6.97 5.295-1.796-0.020-3.526-0.394-4.459-0.826l0.56-3.469 0.515 0.246c1.316 0.579 2.167 0.814 3.769 0.814 1.151 0 2.385-0.476 2.396-1.514 0.007-0.679-0.517-1.165-2.077-1.924-1.518-0.74-3.53-1.983-3.505-4.211 0.024-3.012 2.809-5.116 6.765-5.116 1.55 0 2.795 0.339 3.586 0.651l-0.542 3.36-0.359-0.178c-0.74-0.314-1.687-0.617-2.995-0.595-1.568 0-2.293 0.689-2.293 1.333-0.010 0.728 0.848 1.204 2.246 1.923zM46.199 10.285l3.239 15.49h-3.714s-0.368-1.782-0.488-2.322c-0.583 0-4.667-0.008-5.125-0.008-0.156 0.42-0.841 2.331-0.841 2.331h-4.205l5.944-14.205c0.419-1.011 1.138-1.285 2.097-1.285h3.093zM41.263 20.274c0.781 0 2.698 0 3.322 0-0.159-0.775-0.927-4.474-0.927-4.474l-0.27-1.337c-0.202 0.581-0.554 1.52-0.531 1.479 0 0-1.262 3.441-1.594 4.332zM9.723 18.702c-1.648-4.573-5.284-6.991-9.723-8.109l0.053-0.322h6.453c0.87 0.034 1.573 0.326 1.815 1.308z\"/> </symbol><symbol viewBox=\"0 0 12 12\" id=\"icon-phone\"> <path d=\"M11.5551 0.5808L9.11962 0.0180463C8.86202 -0.0522978 8.58101 0.0883905 8.46392 0.346319L7.33987 2.9725C7.24619 3.20698 7.31645 3.46491 7.50379 3.62905L8.93227 4.80145C8.08923 6.5835 6.61391 8.08418 4.78733 8.95175L3.61644 7.52142C3.45252 7.33384 3.19492 7.26349 2.96074 7.35729L0.337954 8.48279C0.0803588 8.60003 -0.03673 8.88141 0.0101055 9.13934L0.572132 11.5779C0.642385 11.8359 0.853145 12 1.13416 12C7.12911 12 12 7.14625 12 1.1201C12 0.862176 11.8127 0.651144 11.5551 0.5808Z\"/> </symbol><symbol viewBox=\"0 0 34 32\" id=\"icon-pinterest\"> <path d=\"M1.356 15.647c0 6.24 3.781 11.6 9.192 13.957-0.043-1.064-0.008-2.341 0.267-3.499 0.295-1.237 1.976-8.303 1.976-8.303s-0.491-0.973-0.491-2.411c0-2.258 1.319-3.945 2.962-3.945 1.397 0 2.071 1.041 2.071 2.288 0 1.393-0.895 3.477-1.356 5.408-0.385 1.616 0.817 2.935 2.424 2.935 2.909 0 4.869-3.708 4.869-8.101 0-3.34-2.267-5.839-6.39-5.839-4.658 0-7.56 3.447-7.56 7.297 0 1.328 0.394 2.264 1.012 2.989 0.284 0.333 0.324 0.467 0.221 0.849-0.074 0.28-0.243 0.955-0.313 1.223-0.102 0.386-0.417 0.524-0.769 0.381-2.145-0.869-3.145-3.201-3.145-5.822 0-4.329 3.679-9.519 10.975-9.519 5.863 0 9.721 4.21 9.721 8.729 0 5.978-3.349 10.443-8.285 10.443-1.658 0-3.217-0.889-3.751-1.899 0 0-0.892 3.511-1.080 4.189-0.325 1.175-0.963 2.349-1.546 3.264 1.381 0.405 2.84 0.625 4.352 0.625 8.48 0 15.355-6.822 15.355-15.238s-6.876-15.238-15.355-15.238c-8.48 0-15.356 6.822-15.356 15.238z\"/> </symbol><symbol viewBox=\"0 0 26 28\" id=\"icon-print\"> <path d=\"M0 21.5v-6.5q0-1.234 0.883-2.117t2.117-0.883h1v-8.5q0-0.625 0.438-1.062t1.062-0.438h10.5q0.625 0 1.375 0.313t1.188 0.75l2.375 2.375q0.438 0.438 0.75 1.188t0.313 1.375v4h1q1.234 0 2.117 0.883t0.883 2.117v6.5q0 0.203-0.148 0.352t-0.352 0.148h-3.5v2.5q0 0.625-0.438 1.062t-1.062 0.438h-15q-0.625 0-1.062-0.438t-0.438-1.062v-2.5h-3.5q-0.203 0-0.352-0.148t-0.148-0.352zM6 24h14v-4h-14v4zM6 14h14v-6h-2.5q-0.625 0-1.062-0.438t-0.438-1.062v-2.5h-10v10zM22 15q0 0.406 0.297 0.703t0.703 0.297 0.703-0.297 0.297-0.703-0.297-0.703-0.703-0.297-0.703 0.297-0.297 0.703z\"/> </symbol><symbol viewBox=\"0 0 64 64\" id=\"icon-quote\"> <circle cx=\"32\" cy=\"32\" r=\"32\" fill=\"#1A2240\"/> <path d=\"M28.5344 30.4517C29.4526 30.8942 30.1635 31.5431 30.6671 32.3984C31.1707 33.2243 31.4225 34.2124 31.4225 35.3627C31.4225 37.0735 30.8745 38.445 29.7785 39.4774C28.6825 40.5097 27.2755 41.0259 25.5574 41.0259C23.8394 41.0259 22.4324 40.5097 21.3364 39.4774C20.2404 38.445 19.6924 37.0735 19.6924 35.3627C19.6924 34.5959 19.7961 33.829 20.0034 33.0621C20.2108 32.2952 20.6847 31.1301 21.4252 29.5669L24.5355 22.9746H30.756L28.5344 30.4517ZM41.4197 30.4517C42.3379 30.8942 43.0489 31.5431 43.5524 32.3984C44.056 33.2243 44.3078 34.2124 44.3078 35.3627C44.3078 37.0735 43.7598 38.445 42.6638 39.4774C41.5678 40.5097 40.1608 41.0259 38.4427 41.0259C36.7247 41.0259 35.3177 40.5097 34.2217 39.4774C33.1257 38.445 32.5777 37.0735 32.5777 35.3627C32.5777 34.5959 32.6814 33.829 32.8887 33.0621C33.0961 32.2952 33.57 31.1301 34.3105 29.5669L37.4208 22.9746H43.6413L41.4197 30.4517Z\" fill=\"white\"/> </symbol><symbol viewBox=\"0 0 15 14\" id=\"icon-ratingEmpty\"> <path d=\"M6.53516 0.478516C6.64453 0.259766 6.78125 0.123047 7 0.0410156C7.21875 -0.0136719 7.41016 -0.0136719 7.62891 0.0410156C7.84766 0.123047 8.01172 0.259766 8.12109 0.478516L9.89844 4.08789L13.8906 4.66211C14.1094 4.7168 14.3008 4.82617 14.4375 4.99023C14.5742 5.18164 14.6289 5.37305 14.6289 5.5918C14.6289 5.81055 14.5469 6.00195 14.3828 6.16602L11.4844 8.98242L12.168 12.9746C12.1953 13.1934 12.1406 13.4121 12.0312 13.6035C11.9219 13.7949 11.7578 13.9043 11.5391 13.959C11.3203 14.0137 11.1016 13.9863 10.9102 13.877L7.32812 12.0176L3.74609 13.877C3.52734 13.9863 3.33594 14.0137 3.11719 13.959C2.89844 13.9043 2.70703 13.7949 2.59766 13.6035C2.48828 13.4121 2.43359 13.1934 2.48828 12.9746L3.17188 8.98242L0.273438 6.16602C0.109375 6.00195 0 5.81055 0 5.5918C0 5.37305 0.0546875 5.18164 0.191406 4.99023C0.328125 4.82617 0.519531 4.7168 0.765625 4.66211L4.75781 4.08789L6.53516 0.478516Z\" stroke=\"#FFC700\"/> </symbol><symbol viewBox=\"0 0 24 24\" id=\"icon-remove\"><path d=\"M19 13H5v-2h14v2z\"/></symbol><symbol viewBox=\"0 0 32 32\" id=\"icon-rss\"> <path d=\"M-0.465347858,2.01048219 C-0.465347858,2.01048219 28.7009958,0.574406533 31,31.3201126 L25.1092027,31.3201126 C25.1092027,31.3201126 26.2597741,8.90749482 -0.465347858,6.89506416 L-0.465347858,2.01048219 L-0.465347858,2.01048219 Z M-0.465347858,12.2127144 C-0.465347858,12.2127144 16.6328276,11.6363594 19.9369779,31.3201126 L14.0472499,31.3201126 C14.0472499,31.3201126 13.3297467,19.6839434 -0.465347858,17.0940884 L-0.465347858,12.2127144 L-0.465347858,12.2127144 Z M2.73614917,25.0304648 C4.79776783,25.0304648 6.47229834,26.7007181 6.47229834,28.766614 C6.47229834,30.8282326 4.79776783,32.5016938 2.73614917,32.5016938 C0.6723919,32.5016938 -1,30.8293019 -1,28.766614 C-1,26.7017874 0.6723919,25.0304648 2.73614917,25.0304648 Z\" id=\"rss-Shape\"/> </symbol><symbol viewBox=\"0 0 512 512\" id=\"icon-search\"><path d=\"M508.5 468.9L387.1 347.5c-2.3-2.3-5.3-3.5-8.5-3.5h-13.2c31.5-36.5 50.6-84 50.6-136C416 93.1 322.9 0 208 0S0 93.1 0 208s93.1 208 208 208c52 0 99.5-19.1 136-50.6v13.2c0 3.2 1.3 6.2 3.5 8.5l121.4 121.4c4.7 4.7 12.3 4.7 17 0l22.6-22.6c4.7-4.7 4.7-12.3 0-17zM208 368c-88.4 0-160-71.6-160-160S119.6 48 208 48s160 71.6 160 160-71.6 160-160 160z\"/></symbol><symbol viewBox=\"0 0 26 28\" id=\"icon-star\"> <path d=\"M0 10.109q0-0.578 0.875-0.719l7.844-1.141 3.516-7.109q0.297-0.641 0.766-0.641t0.766 0.641l3.516 7.109 7.844 1.141q0.875 0.141 0.875 0.719 0 0.344-0.406 0.75l-5.672 5.531 1.344 7.812q0.016 0.109 0.016 0.313 0 0.328-0.164 0.555t-0.477 0.227q-0.297 0-0.625-0.187l-7.016-3.687-7.016 3.687q-0.344 0.187-0.625 0.187-0.328 0-0.492-0.227t-0.164-0.555q0-0.094 0.031-0.313l1.344-7.812-5.688-5.531q-0.391-0.422-0.391-0.75z\"/> </symbol><symbol viewBox=\"0 0 32 32\" id=\"icon-stumbleupon\">  <mask id=\"stumbleupon-mask-2\"> <use href=\"#path-1\"/> </mask> <path d=\"M31.9250667,16.0373333 C31.9250667,24.8533333 24.7784,32 15.9624,32 C7.14666667,32 0,24.8533333 0,16.0373333 C0,7.2216 7.14666667,0.0749333333 15.9624,0.0749333333 C24.7784,0.0749333333 31.9250667,7.2216 31.9250667,16.0373333 Z M21.9205547,16.3600826 L21.9205547,18.9857015 C21.9205547,19.5214765 21.494073,19.9558236 20.968,19.9558236 C20.441927,19.9558236 20.0154453,19.5214765 20.0154453,18.9857015 L20.0154453,16.4101275 L18.1823358,16.9675798 L16.9525547,16.3839008 L16.9525547,18.9383327 C16.9717372,21.1844666 18.7659562,23 20.976146,23 C23.1984234,23 25,21.1651979 25,18.9019364 L25,16.3600826 L21.9205547,16.3600826 Z M16.9525547,14.2429415 L18.1823358,14.8266205 L20.0154453,14.2691683 L20.0154453,12.9736203 C19.9505401,10.7684323 18.1810219,9 16,9 C13.8268613,9 12.0618102,10.7555866 11.9845547,12.9492669 L11.9845547,18.8684839 C11.9845547,19.404259 11.558073,19.8386061 11.032,19.8386061 C10.505927,19.8386061 10.0794453,19.404259 10.0794453,18.8684839 L10.0794453,16.3600826 L7,16.3600826 L7,18.9019364 C7,21.1651979 8.80131387,23 11.0235912,23 C13.2264234,23 15.0119708,21.1965095 15.0429781,18.9608128 L15.0474453,13.114656 C15.0474453,12.578881 15.473927,12.1445339 16,12.1445339 C16.526073,12.1445339 16.9525547,12.578881 16.9525547,13.114656 L16.9525547,14.2429415 Z\" id=\"stumbleupon-Fill-1\" mask=\"url(#stumbleupon-mask-2)\"/> </symbol><symbol viewBox=\"0 0 512 512\" id=\"icon-th\"><path d=\"M149.333 56v80c0 13.255-10.745 24-24 24H24c-13.255 0-24-10.745-24-24V56c0-13.255 10.745-24 24-24h101.333c13.255 0 24 10.745 24 24zm181.334 240v-80c0-13.255-10.745-24-24-24H205.333c-13.255 0-24 10.745-24 24v80c0 13.255 10.745 24 24 24h101.333c13.256 0 24.001-10.745 24.001-24zm32-240v80c0 13.255 10.745 24 24 24H488c13.255 0 24-10.745 24-24V56c0-13.255-10.745-24-24-24H386.667c-13.255 0-24 10.745-24 24zm-32 80V56c0-13.255-10.745-24-24-24H205.333c-13.255 0-24 10.745-24 24v80c0 13.255 10.745 24 24 24h101.333c13.256 0 24.001-10.745 24.001-24zm-205.334 56H24c-13.255 0-24 10.745-24 24v80c0 13.255 10.745 24 24 24h101.333c13.255 0 24-10.745 24-24v-80c0-13.255-10.745-24-24-24zM0 376v80c0 13.255 10.745 24 24 24h101.333c13.255 0 24-10.745 24-24v-80c0-13.255-10.745-24-24-24H24c-13.255 0-24 10.745-24 24zm386.667-56H488c13.255 0 24-10.745 24-24v-80c0-13.255-10.745-24-24-24H386.667c-13.255 0-24 10.745-24 24v80c0 13.255 10.745 24 24 24zm0 160H488c13.255 0 24-10.745 24-24v-80c0-13.255-10.745-24-24-24H386.667c-13.255 0-24 10.745-24 24v80c0 13.255 10.745 24 24 24zM181.333 376v80c0 13.255 10.745 24 24 24h101.333c13.255 0 24-10.745 24-24v-80c0-13.255-10.745-24-24-24H205.333c-13.255 0-24 10.745-24 24z\"/></symbol><symbol viewBox=\"0 0 32 32\" id=\"icon-tumblr\"> <path d=\"M23.852762,25.5589268 C23.2579209,25.8427189 22.1195458,26.089634 21.2697728,26.1120809 C18.7092304,26.1810247 18.2121934,24.3131275 18.1897466,22.9566974 L18.1897466,12.9951133 L24.6159544,12.9951133 L24.6159544,8.15140729 L18.2137967,8.15140729 L18.2137967,0 L13.5256152,0 C13.4486546,0 13.3139736,0.0673405008 13.2963368,0.238898443 C13.0221648,2.73370367 11.8533261,7.11243957 7,8.86168924 L7,12.9951133 L10.2387574,12.9951133 L10.2387574,23.4521311 C10.2387574,27.0307977 12.8794671,32.1166089 19.8508122,31.9979613 C22.2013164,31.9578777 24.8131658,30.9718204 25.3919735,30.1236507 L23.852762,25.5589268\"/> </symbol><symbol viewBox=\"0 0 43 32\" id=\"icon-twitter\"> <path d=\"M36.575 5.229c1.756-0.952 3.105-2.46 3.74-4.257-1.644 0.882-3.464 1.522-5.402 1.867-1.551-1.495-3.762-2.429-6.209-2.429-4.697 0-8.506 3.445-8.506 7.694 0 0.603 0.075 1.19 0.22 1.753-7.069-0.321-13.337-3.384-17.532-8.039-0.732 1.136-1.152 2.458-1.152 3.868 0 2.669 1.502 5.024 3.784 6.404-1.394-0.040-2.706-0.386-3.853-0.962-0.001 0.032-0.001 0.064-0.001 0.097 0 3.728 2.932 6.837 6.823 7.544-0.714 0.176-1.465 0.27-2.241 0.27-0.548 0-1.081-0.048-1.6-0.138 1.083 3.057 4.224 5.281 7.946 5.343-2.911 2.064-6.579 3.294-10.564 3.294-0.687 0-1.364-0.036-2.029-0.108 3.764 2.183 8.235 3.457 13.039 3.457 15.646 0 24.202-11.724 24.202-21.891 0-0.334-0.008-0.665-0.025-0.995 1.662-1.085 3.104-2.439 4.244-3.982-1.525 0.612-3.165 1.025-4.885 1.211z\"/> </symbol><symbol viewBox=\"0 0 32 32\" id=\"icon-youtube\"> <path d=\"M31.6634051,8.8527593 C31.6634051,8.8527593 31.3509198,6.64879843 30.3919217,5.67824658 C29.1757339,4.40441487 27.8125088,4.39809002 27.1873503,4.32353816 C22.7118278,4 15.9983092,4 15.9983092,4 L15.984407,4 C15.984407,4 9.27104501,4 4.79536595,4.32353816 C4.17017613,4.39809002 2.80745205,4.40441487 1.59082583,5.67824658 C0.631890411,6.64879843 0.319843444,8.8527593 0.319843444,8.8527593 C0.319843444,8.8527593 0,11.4409393 0,14.0290881 L0,16.4554834 C0,19.0436008 0.319843444,21.6317495 0.319843444,21.6317495 C0.319843444,21.6317495 0.631890411,23.8357417 1.59082583,24.8062935 C2.80745205,26.0801566 4.40557339,26.0398591 5.11736986,26.1733699 C7.67602348,26.4187241 15.9913894,26.4946536 15.9913894,26.4946536 C15.9913894,26.4946536 22.7118278,26.4845401 27.1873503,26.1610333 C27.8125088,26.0864501 29.1757339,26.0801566 30.3919217,24.8062935 C31.3509198,23.8357417 31.6634051,21.6317495 31.6634051,21.6317495 C31.6634051,21.6317495 31.9827789,19.0436008 31.9827789,16.4554834 L31.9827789,14.0290881 C31.9827789,11.4409393 31.6634051,8.8527593 31.6634051,8.8527593 Z M12.6895342,19.39582 L12.6880626,10.4095186 L21.3299413,14.9183249 L12.6895342,19.39582 Z\" id=\"youtube-Imported-Layers\"/> </symbol></svg>\n",
  "components/products/add-to-cart": "<div id=\"add-to-cart-wrapper\" class=\"add-to-cart-wrapper\" {{#unless product.can_purchase}}style=\"display: none\"{{/unless}}>\n    {{#if theme_settings.show_product_quantity_box}}\n        {{inject 'productQuantityErrorMessage'  (lang 'products.quantity_error_message')}}\n        <div class=\"form-field form-field--increments\">\n            <label class=\"form-label form-label--alternate\"\n                   for=\"qty[]\">{{lang 'products.quantity'}}</label>\n                <div class=\"form-increment\" data-quantity-change>\n                    <button class=\"button button--icon\" data-action=\"dec\">\n                        <span class=\"is-srOnly\">{{lang 'products.quantity_decrease' name=product.title}}</span>\n                        <i class=\"icon\" aria-hidden=\"true\">\n                            <svg>\n                                <use xlink:href=\"#icon-keyboard-arrow-down\"/>\n                            </svg>\n                        </i>\n                    </button>\n                    <input class=\"form-input form-input--incrementTotal\"\n                           id=\"qty[]\"\n                           name=\"qty[]\"\n                           type=\"tel\"\n                           value=\"{{#if product.min_purchase_quantity}}{{product.min_purchase_quantity}}{{else}}1{{/if}}\"\n                           data-quantity-min=\"{{product.min_purchase_quantity}}\"\n                           data-quantity-max=\"{{product.max_purchase_quantity}}\"\n                           min=\"1\"\n                           pattern=\"[0-9]*\"\n                           aria-live=\"polite\">\n                    <button class=\"button button--icon\" data-action=\"inc\">\n                        <span class=\"is-srOnly\">{{lang 'products.quantity_increase' name=product.title}}</span>\n                        <i class=\"icon\" aria-hidden=\"true\">\n                            <svg>\n                                <use xlink:href=\"#icon-keyboard-arrow-up\"/>\n                            </svg>\n                        </i>\n                    </button>\n                </div>\n        </div>\n    {{/if}}\n\n    <div class=\"alertBox productAttributes-message\" style=\"display:none\">\n        <div class=\"alertBox-column alertBox-icon\">\n            <icon glyph=\"ic-success\" class=\"icon\" aria-hidden=\"true\"><svg xmlns=\"http://www.w3.org/2000/svg\" width=\"24\" height=\"24\" viewBox=\"0 0 24 24\"><path d=\"M12 2C6.48 2 2 6.48 2 12s4.48 10 10 10 10-4.48 10-10S17.52 2 12 2zm1 15h-2v-2h2v2zm0-4h-2V7h2v6z\"></path></svg></icon>\n        </div>\n        <p class=\"alertBox-column alertBox-message\"></p>\n    </div>\n</div>\n{{#or customer (if theme_settings.restrict_to_login '!==' true)}}\n    <div class=\"form-action\">\n        <input\n                id=\"form-action-addToCart\"\n                data-wait-message=\"{{lang 'products.adding_to_cart'}}\"\n                class=\"button button--primary\"\n                type=\"submit\"\n                value=\"{{#if product.pre_order}}{{lang 'products.pre_order'}}{{else}}{{lang 'products.add_to_cart'}}{{/if}}\"\n        >\n        <span class=\"product-status-message aria-description--hidden\">{{lang 'products.adding_to_cart'}} {{lang 'category.add_cart_announcement'}}</span>\n    </div>\n{{/or}}\n",
  "components/products/options/input-checkbox": "<div class=\"form-field\" data-product-attribute=\"input-checkbox\">\n    <label class=\"form-label form-label--alternate form-label--inlineSmall\">\n        {{display_name}}:\n\n        {{> components/common/requireness-msg}}\n    </label>\n    <input type=\"hidden\" name=\"attribute[{{id}}]\" value=\"{{noValue}}\" />\n    <div class=\"form-option-wrapper\">\n        <input\n            class=\"form-checkbox\"\n            type=\"checkbox\"\n            name=\"attribute[{{id}}]\"\n            id=\"attribute-check-{{id}}\"\n            value=\"{{value}}\"\n            {{#if checked}}\n                checked\n                data-default\n            {{/if}}\n            {{#if required}}required{{/if}}>\n\n        <label class=\"form-label {{class}}\" for=\"attribute-check-{{id}}\">{{label}}</label>\n    </div>\n</div>\n",
  "components/products/options/date": "<div class=\"form-field form-field--floating-label\" data-product-attribute=\"date\">\n    <div class=\"floating-label-wrapper\">\n        <select class=\"form-select form-select--date\" name=\"attribute[{{this.id}}][month]\" {{#if required}}required{{/if}}>\n            <option value=\"\" selected disabled>{{lang 'common.month'}}</option>\n            {{#for 1 12}}\n                <option value=\"{{$index}}\" {{#if ../selected_date.month '==' $index}}selected=\"selected\"{{/if}}>\n                    {{lang (concat 'common.short_months.' $index)}}\n                </option>\n            {{/for}}\n        </select>\n        <label class=\"floating-label\">{{this.display_name}} - {{lang 'common.month'}}{{> components/common/requireness-msg}}</label>\n    </div>\n</div>\n<div class=\"form-field form-field--floating-label\" data-product-attribute=\"date\">\n    <div class=\"floating-label-wrapper\">\n        <select class=\"form-select form-select--date\" name=\"attribute[{{this.id}}][day]\" {{#if required}}required{{/if}}>\n            <option value=\"\" selected disabled>{{lang 'common.day'}}</option>\n            {{#for 1 31}}\n                <option value=\"{{$index}}\" {{#if ../selected_date.day '==' $index}}selected=\"selected\"{{/if}}>\n                    {{$index}}\n                </option>\n            {{/for}}\n        </select>\n        <label class=\"floating-label\">{{this.display_name}} - {{lang 'common.day'}}{{> components/common/requireness-msg}}</label>\n    </div>\n</div>\n<div class=\"form-field form-field--floating-label\" data-product-attribute=\"date\">\n    <div class=\"floating-label-wrapper\">\n        <select class=\"form-select form-select--date\" name=\"attribute[{{this.id}}][year]\" {{#if required}}required{{/if}}>\n            <option value=\"\" selected disabled>{{lang 'common.year'}}</option>\n            {{#for earliest_year latest_year}}\n                <option value=\"{{$index}}\" {{#if ../selected_date.year '==' $index}}selected=\"selected\"{{/if}}>\n                    {{$index}}\n                </option>\n            {{/for}}\n            {{#if earliest_year '==' latest_year}}\n                <option value=\"{{earliest_year}}\" selected=\"selected\">{{earliest_year}}</option>\n            {{/if}}\n        </select>\n        <label class=\"floating-label\">{{this.display_name}} - {{lang 'common.year'}}{{> components/common/requireness-msg}}</label>\n    </div>\n</div>\n",
  "components/products/options/input-numbers": "<div class=\"form-field\" data-product-attribute=\"input-number\">\n    <label class=\"form-label form-label--alternate form-label--inlineSmall\" for=\"attribute_number_{{id}}{{id_suffix}}\">\n        {{ this.display_name }}:\n\n        {{> components/common/requireness-msg}}\n    </label>\n\n    <input class=\"form-input\" type=\"number\" id=\"attribute_number_{{id}}{{id_suffix}}\" {{#unless this.integer_only}}step=\"any\"{{/unless}} name=\"attribute[{{this.id}}]\" value=\"{{this.prefill}}\" {{#if required}}required{{/if}}>\n</div>\n",
  "components/products/options/input-file": "<div class=\"form-field\" data-product-attribute=\"input-file\">\n    <label class=\"form-label form-label--alternate form-label--inlineSmall\" for=\"attribute_file_{{id}}\">\n        {{ this.display_name }}:\n\n        {{> components/common/requireness-msg}}\n    </label>\n\n    <input class=\"form-file\" type=\"file\" id=\"attribute_file_{{id}}\" name=\"attribute[{{this.id}}]\" {{#if required}}required{{/if}}>\n    {{#if original_name}}\n        {{{lang 'products.file_option_set' url=file_url name=original_name}}}\n        <label>{{lang 'cart.remove_file'}}<input type=\"checkbox\" name=\"{{file_remove}}\"></label>\n    {{/if}}\n    <p class=\"form-fileDescription\">\n        {{#if file_size}}\n            {{lang 'products.max_filesize'}}\n            <strong>{{file_size}}{{lang 'products.kilobytes_abbreviation'}}</strong>,\n        {{/if}}\n        {{#if file_types}}\n            {{lang 'products.filetypes'}} <strong>{{file_types}}</strong>\n        {{/if}}\n    </p>\n\n</div>\n",
  "components/products/options/product-list": "<div class=\"form-field\" data-product-attribute=\"{{#if values.0.image}}product-list{{else}}set-select{{/if}}\" role=\"radiogroup\" aria-labelledby=\"product-list-label{{id_suffix}}\">\n    {{#if values.0.image}}\n        <label class=\"form-label form-label--alternate form-label--inlineSmall\" id=\"product-list-label{{id_suffix}}\">\n            {{display_name}}:\n            <span data-option-value></span>\n\n            {{> components/common/requireness-msg}}\n        </label>\n\n        <ul class=\"productOptions-list\">\n            {{#unless required}}\n                <li class=\"productOptions-list-item\">\n                    <input class=\"form-radio\"\n                           type=\"radio\"\n                           name=\"attribute[{{id}}]\"\n                           value=\"\"\n                           id=\"attribute_productlist_{{id}}_none{{id_suffix}}\"\n                           checked=\"{{#if defaultValue '==' ''}}checked{{/if}}\">\n                    <label class=\"form-label\" for=\"attribute_productlist_{{id}}_none{{id_suffix}}\">{{lang 'products.none'}}</label>\n                </li>\n            {{/unless}}\n            {{#each values}}\n                <li class=\"productOptions-list-item\" data-product-attribute-value=\"{{id}}\">\n                    {{#if image}}\n                        <figure class=\"productOptions-list-item-figure\">\n                            {{> components/common/responsive-img\n                                image=image\n                                class=\"productOptions-list-item-image\"\n                                lazyload='lazyload+lqip'\n                            }}\n                        </figure>\n                    {{/if}}\n                    <div class=\"productOptions-list-item-content\">\n                        <input\n                            class=\"form-radio\"\n                            type=\"radio\"\n                            name=\"attribute[{{../id}}]\"\n                            value=\"{{id}}\"\n                            id=\"attribute_productlist_{{../id}}_{{id}}{{../id_suffix}}\"\n                            {{#if selected}}\n                                checked\n                                data-default\n                            {{/if}}\n                            {{#if ../required}}required{{/if}}>\n                        <label class=\"form-label\" for=\"attribute_productlist_{{../id}}_{{id}}{{../id_suffix}}\">{{label}}</label>\n                    </div>\n                </li>\n            {{/each}}\n        </ul>\n    {{else}}\n        <div class=\"product-options form-field form-field--floating-label\" data-product-attribute=\"set-select\">\n            <div class=\"floating-label-wrapper\">\n                <select class=\"form-select form-select--small\" name=\"attribute[{{id}}]\" id=\"attribute_select_{{id}}\" {{#if required}}required{{/if}}>\n                    <option value=\"\" selected disabled>{{display_name}}{{#if required}} <span style=\"color:red\">*</span>{{/if}}</option>\n                    {{#each values}}\n                        <option data-product-attribute-value=\"{{id}}\" value=\"{{id}}\" {{#if selected}}selected data-default{{/if}}>{{label}}</option>\n                    {{/each}}\n                </select>\n                <label class=\"floating-label\" for=\"attribute_select_{{id}}\">{{display_name}}{{#if required}} <span style=\"color:red\">*</span>{{/if}}</label>\n            </div>\n        </div>\n    {{/if}}\n</div>\n",
  "components/products/options/set-radio": "<div class=\"form-field\" data-product-attribute=\"set-radio\" role=\"radiogroup\" aria-labelledby=\"radio-group-label-{{id}}{{id_suffix}}\">\n    <span class=\"form-label form-label--alternate form-label--inlineSmall\" id=\"radio-group-label-{{id}}{{id_suffix}}\">\n        {{ this.display_name }}{{#if required}} <span style=\"color:red\">*</span>{{/if}}\n    </span>\n\n    <input\n        class=\"form-radio\"\n        type=\"radio\"\n        id=\"attribute_radio_{{id}}_placeholder{{id_suffix}}\"\n        name=\"attribute[{{id}}]\"\n        value=\"\"\n        {{#unless required}}checked{{/unless}}\n        style=\"display:none;\"\n        disabled\n    >\n    <label class=\"form-label form-label--placeholder\" for=\"attribute_radio_{{id}}_placeholder{{id_suffix}}\" style=\"font-weight:bold; opacity:0.7; cursor:default;\">{{lang 'products.choose_options'}}</label>\n\n    {{#unless required}}\n        <input\n            class=\"form-radio\"\n            type=\"radio\"\n            id=\"attribute_radio_{{id}}_none{{id_suffix}}\"\n            name=\"attribute[{{id}}]\"\n            value=\"\"\n            checked=\"{{#if defaultValue '==' ''}}checked{{/if}}\"\n        >\n        <label class=\"form-label\" for=\"attribute_radio_{{id}}_none{{id_suffix}}\">{{lang 'products.none'}}</label>\n    {{/unless}}\n\n    {{#each this.values}}\n        <input\n            class=\"form-radio\"\n            type=\"radio\"\n            id=\"attribute_radio_{{../id}}_{{id}}{{../id_suffix}}\"\n            name=\"attribute[{{../id}}]\"\n            value=\"{{id}}\"\n            {{#if selected}}\n                checked\n                data-default\n            {{/if}}\n            {{#if ../required}}required{{/if}}>\n        <label data-product-attribute-value=\"{{id}}\" class=\"form-label\" for=\"attribute_radio_{{../id}}_{{id}}{{../id_suffix}}\">{{this.label}}</label>\n    {{/each}}\n</div>\n",
  "components/products/options/set-rectangle": "<div class=\"form-field\" data-product-attribute=\"set-rectangle\" role=\"radiogroup\" aria-labelledby=\"rectangle-group-label\">\n    <label class=\"form-label form-label--alternate form-label--inlineSmall\" id=\"rectangle-group-label\">\n        {{this.display_name}}:\n        <span data-option-value></span>\n\n        {{> components/common/requireness-msg}}\n    </label>\n\n    {{#unless required}}\n        <input\n            class=\"form-radio\"\n            type=\"radio\"\n            id=\"attribute_rectangle__{{../id}}_none{{id_suffix}}\"\n            name=\"attribute[{{../id}}]\"\n            value=\"\"\n            checked=\"{{#if defaultValue '==' ''}}checked{{/if}}\"\n        >\n        <label class=\"form-option\" for=\"attribute_rectangle__{{../id}}_none{{id_suffix}}\">\n            <span class=\"form-option-variant\">{{lang 'products.none'}}</span>\n        </label>\n    {{/unless}}\n\n    {{#each this.values}}\n    <div class=\"form-option-wrapper\">    \n        <input\n            class=\"form-radio\"\n            type=\"radio\"\n            id=\"attribute_rectangle__{{../id}}_{{id}}{{id_suffix}}\"\n            name=\"attribute[{{../id}}]\"\n            value=\"{{id}}\"\n            {{#if selected}}\n                checked\n                data-default\n            {{/if}}\n            {{#if ../required}}required{{/if}}\n        >\n        <label class=\"form-option\" for=\"attribute_rectangle__{{../id}}_{{id}}{{id_suffix}}\" data-product-attribute-value=\"{{id}}\">\n            <span class=\"form-option-variant\">{{this.label}}</span>\n        </label>\n    </div>\n    {{/each}}\n</div>\n",
  "components/products/options/set-select": "<div class=\"product-options form-field form-field--floating-label\" data-product-attribute=\"set-select\">\n    <div class=\"floating-label-wrapper\">\n        <select class=\"form-select form-select--small\" name=\"attribute[{{this.id}}]\" id=\"attribute_select_{{id}}{{id_suffix}}\" {{#if required}}required{{/if}}>\n            <option value=\"\" selected disabled>{{this.display_name}}{{#if required}} <span style=\"color:red\">*</span>{{/if}}</option>\n            {{#each this.values}}\n                <option data-product-attribute-value=\"{{id}}\" value=\"{{id}}\" {{#if selected}}selected data-default{{/if}}>{{label}}</option>\n            {{/each}}\n        </select>\n        <label class=\"floating-label\" for=\"attribute_select_{{id}}{{id_suffix}}\">{{this.display_name}}{{#if required}} <span style=\"color:red\">*</span>{{/if}}</label>\n    </div>\n</div>\n",
  "components/products/options/swatch": "<div class=\"form-field\" data-product-attribute=\"swatch\" role=\"radiogroup\" aria-labelledby=\"swatchGroup_{{id}}\">\n    <label class=\"form-label form-label--alternate form-label--inlineSmall\" id=\"swatchGroup_{{id}}\">\n        {{this.display_name}}:\n        <span data-option-value></span>\n\n        {{> components/common/requireness-msg}}\n    </label>\n    <span\n        class=\"swatch-option-message aria-description--hidden u-hidden\">\n        {{ lang 'products.swatch_option_announcement' swatch_name=this.display_name}}\n    </span>\n\n    {{#unless required}}\n        <input\n            class=\"form-radio\"\n            type=\"radio\"\n            name=\"attribute[{{id}}]\"\n            value=\"\"\n            id=\"attribute_swatch_{{id}}_none{{id_suffix}}\"\n            checked=\"{{#if defaultValue '==' ''}}checked{{/if}}\"\n            aria-label=\"{{lang 'products.none'}}\"\n        >\n        <label class=\"form-option form-option-swatch\" for=\"attribute_swatch_{{id}}_none{{id_suffix}}\">\n            <span class='form-option-variant form-option-variant--none' title=\"{{lang 'products.none'}}\">{{lang 'products.none'}}</span>\n        </label>\n    {{/unless}}\n\n    {{#each this.values}}\n    <div class=\"form-option-wrapper\">\n        <input class=\"form-radio\"\n               type=\"radio\"\n               name=\"attribute[{{../id}}]\"\n               value=\"{{id}}\"\n               id=\"attribute_swatch_{{../id}}_{{id}}{{id_suffix}}\"\n               {{#if selected}}checked data-default{{/if}}\n               {{#if ../required}}required{{/if}}\n               aria-label=\"{{this.label}}\"\n        >\n        <label class=\"form-option form-option-swatch\" for=\"attribute_swatch_{{../id}}_{{id}}{{id_suffix}}\" data-product-attribute-value=\"{{id}}\">\n            {{#if image}}\n                <span class='form-option-variant form-option-variant--pattern' title=\"{{this.label}}\" style=\"background-image: url('{{getImage image \"swatch_option_size\"}}');\"></span>\n            {{/if}}\n            {{#if data.[2]}}\n                <span class='form-option-variant form-option-variant--color' title=\"{{this.label}}\" style=\"background-color: #{{data.[0]}}\"></span>\n                <span class='form-option-variant form-option-variant--color' title=\"{{this.label}}\" style=\"background-color: #{{data.[1]}}\"></span>\n                <span class='form-option-variant form-option-variant--color' title=\"{{this.label}}\" style=\"background-color: #{{data.[2]}}\"></span>\n            {{else}}\n                {{#if data.[1]}}\n                    <span class='form-option-variant form-option-variant--color' title=\"{{this.label}}\" style=\"background-color: #{{data.[0]}}\"></span>\n                    <span class='form-option-variant form-option-variant--color' title=\"{{this.label}}\" style=\"background-color: #{{data.[1]}}\"></span>\n                {{else}}\n                    {{#if data.[0]}}\n                        <span class='form-option-variant form-option-variant--color' title=\"{{this.label}}\" style=\"background-color: #{{data.[0]}}\"></span>\n                    {{/if}}\n                {{/if}}\n            {{/if}}\n            {{#if pattern}}\n                <span class=\"form-option-expanded\">\n                    <span class=\"form-option-image\" style=\"background-image: url('{{getImage image 'core-swatch'}}');\"></span>\n                </span>\n            {{/if}}\n        </label>\n    </div>\n    {{/each}}\n</div>\n",
  "components/products/options/input-text": "<div class=\"form-field\" data-product-attribute=\"input-text\">\n    <label class=\"form-label form-label--alternate form-label--inlineSmall\" for=\"attribute_text_{{id}}{{id_suffix}}\">\n        {{ this.display_name }}:\n\n        {{> components/common/requireness-msg}}\n    </label>\n\n    <input class=\"form-input form-input--small\" type=\"text\" id=\"attribute_text_{{id}}{{id_suffix}}\" name=\"attribute[{{this.id}}]\" value=\"{{this.prefill}}\" {{#if required}}required{{/if}} {{#if max_length}}maxlength=\"{{max_length}}\"{{/if}}>\n</div>\n",
  "components/products/options/textarea": "<div class=\"form-field\" data-product-attribute=\"textarea\">\n    <label class=\"form-label form-label--alternate form-label--inlineSmall\" for=\"attribute_textarea_{{id}}\">\n        {{display_name}}:\n\n        {{> components/common/requireness-msg}}\n    </label>\n\n    <textarea class=\"form-input\" id=\"attribute_textarea_{{id}}\" name=\"attribute[{{id}}]\" {{#if required}}required{{/if}} {{#if max_length}}maxlength={{max_length}}{{/if}}>{{prefill}}</textarea>\n</div>\n",
  "components/common/requireness-msg": "<small>\n    {{#if required}}\n    {{lang 'common.required'}}\n    {{else}}\n    {{lang 'common.optional'}}\n    {{/if}}\n</small>\n",
  "components/common/responsive-img": "{{!--\nThis file implements the lazysizes srcset pattern (as seen on\nhttps://github.com/aFarkas/lazysizes#modern-transparent-srcset-pattern) for maximum performance on modern browsers\nand reasonable compatibility with legacy browsers.\n\nThere are a few important arguments to know about when using this component:\n`lazyload`:\n    - If set to 'lazyload+lqip', will load a low-res image which will be replaced by lazysizes - ensuring that SOME\n    content is shown immediately on page load. Without LQIP, a transparent gif will be used instead, which reduces\n    the number of requests needed to load the page, making it even faster.\n    - If set to 'lazyload', the browser will not load the full-size image at first, instead the lazysizes plugin will\n        load it progressively after page load. This improves the load speed of the page, but it should be disabled for\n        high-priority above-the-fold images.\n    - If set to 'disabled', will not attempt to lazyload the image and instead tell the browser to load it immediately.\n        Use this for high-priority images that are above the fold.\n\n`fallback_size`:\n    This is the size to use for this image in legacy browsers that do not support srcset.\n    Can be defined as a pixel bounding-box size (e.g. \"123x123) or inherent width (e.g. \"123w\").\n\n`class`:\n    The CSS classes to add to the image, e.g. \"card-image\". If lazyloading is enabled, all images will have the\n    \"lazyload\" class so that lazysizes will target them automatically.\n\n`otherAttributes`:\n    Any other HTML attributes you want on the img tag, for example \"height='100' width='100'\"\n\n`default_image`:\n    The default image to use if `image` is undefined or falsy. Should be a theme asset, usually defined as a relative\n    path in the theme config. If a default image is not provided, you'll get an image tag with no image if the primary\n    image is undefined.\n\n`lqip_size`:\n    If you want to specify a particular size for the LQIP image, you can do so with this argument. A default of 80\n    pixels wide will be used otherwise. This argument has no effect if the lazyload mode is not \"lazyload+lqip\".\n\n--}}\n<img {{#if image}}{{!-- Get the default image for legacy browsers that do not support srcset\n--}}src=\"{{getImageSrcset image 1x=(default fallback_size '160w')}}\" alt=\"{{image.alt}}\" title=\"{{image.alt}}\" {{!--\n  Allow lazysizes to generate the 'sizes' attribute automatically --}}data-sizes=\"auto\"\n  {{!-- Add width/height for CLS prevention --}}\n  {{#if image.width}}width=\"{{image.width}}\"{{else}}width=\"400\"{{/if}}\n  {{#if image.height}}height=\"{{image.height}}\"{{else}}height=\"400\"{{/if}}\n  {{#unless lazyload '==' 'disabled'}}\n    {{#if lazyload '==' 'lazyload+lqip'}}\n    {{!-- If we want a LQIP, include it as the default srcset (will be overwritten by lazysizes) --}}\n    srcset=\"{{getImageSrcset image 1x=(default lqip_size '80w')}}\"\n    {{else}}\n      {{!-- If we don't want a LQIP, use a 1px transparent gif for the stand-in image\n            This requires no additional network request, so it's fast --}}\n    srcset=\"data:image/gif;base64,R0lGODlhAQABAIAAAP///wAAACH5BAEAAAAALAAAAAABAAEAAAICRAEAOw==\"\n    {{/if}}\n{{/unless}}\n{{!-- If lazyloading is disabled, just use \"srcset\". If it is not disabled, use \"data-srcset\" so lazysizes will use\n      this after page load --}}\n{{!--\nGenerate the srcset string using the default sizes defined in the helper. This will allow the browser to\npick the best-sized image based on its own understanding of how it will render the page.\n--}}\n{{#unless lazyload '==' 'disabled'}}data-{{/unless}}srcset=\"{{getImageSrcset image use_default_sizes=true }}\"\n{{else if default_image}}src=\"{{cdn default_image}}\" alt=\"{{lang 'products.card_default_image_alt'}}\"{{/if}}\nclass=\"{{#unless lazyload '==' 'disabled'}}lazyload{{/unless}}{{#if class}} {{class}}{{/if}}\"\n{{#if lazyload '==' 'lazyload'}}loading=\"lazy\"{{/if}}\n{{otherAttributes}} />\n"
}