{
  "components/custom/category-list-view": "{{#if category.products}}\r\n    <div class=\"category-toolbar container\">\r\n        <div class=\"category-toolbar__left\">\r\n            <div class=\"category-toolbar__count\">\r\n                <span id=\"product-count\">{{category.products.length}}</span> results\r\n            </div>\r\n            <div class=\"category-toolbar__separator\">-</div>\r\n            <div class=\"category-toolbar__sort\">\r\n                {{> components/products/filter sort=pagination.category.sort}}\r\n            </div>\r\n        </div>\r\n        <div class=\"category-toolbar__right\">\r\n            <div class=\"category-toolbar__view-toggle\">\r\n                {{> components/custom/category-view-toggle type='list'}}\r\n            </div>\r\n        </div>\r\n    </div>\r\n    \r\n    <form action=\"{{urls.compare}}\" method='POST' {{#if settings.data_tag_enabled}} data-list-name=\"Category: {{category.name}}\" {{/if}} data-product-compare>\r\n            {{#if settings.data_tag_enabled}}\r\n                {{> components/products/list products=category.products show_compare=category.show_compare theme_settings=theme_settings event=\"list\" }}\r\n            {{else}}\r\n                {{> components/products/list products=category.products show_compare=category.show_compare theme_settings=theme_settings}}\r\n            {{/if}}\r\n    </form>\r\n\r\n    {{> components/common/paginator\r\n        pagination.category\r\n        page_type=page_type\r\n        show_dropdown=theme_settings.its.paginator_dropdown\r\n        paginator_dropdown_page_count=(ceil (divide category.total_products theme_settings.categorypage_products_per_page))\r\n    }}\r\n{{else}}\r\n    <!-- <span role=\"text\" tabindex=\"0\" class=\"category__no-products\">{{!lang 'categories.no_products'}}</span> -->\r\n{{/if}}\r\n",
  "components/products/list": "<ul class=\"productList\">\n    {{#each products}}\n    <li class=\"product\">\n\t\t  {{>components/products/list-item show_compare=../show_compare show_rating=../settings.show_product_rating theme_settings=../theme_settings customer=../customer event=../event settings=../settings position=(add @index 1)}}\n    </li>\n    {{/each}}\n</ul>\n",
  "components/products/filter": "<form class=\"actionBar\" method=\"get\" data-sort-by=\"product\">\n    {{> components/category/sort-box sort=sort}}\n</form>\n",
  "components/custom/category-view-toggle": "{{#if theme_settings.its.category_view_toggle}}\r\n{{inject 'defaultViewType' theme_settings.product_list_display_mode}}\r\n    <div class=\"category__view-toggle\">\r\n        <button aria-label=\"Toggle Product List View\" class=\"category__toggle-view js-category__toggle-view {{#if type 'list'}}active-category-view{{/if}}\" data-view-type=\"list\">\r\n                <span class=\"icon icon--list\">\r\n                <svg><use xlink:href=\"#icon-list\"></use></svg>\r\n            </span>\r\n        </button>\r\n        <button aria-label=\"Toggle Product Grid View\" class=\"category__toggle-view js-category__toggle-view {{#if type 'grid'}}active-category-view{{/if}}\" data-view-type=\"grid\">\r\n                <span class=\"icon icon--th\">\r\n                <svg><use xlink:href=\"#icon-th\"></use></svg>\r\n            </span>\r\n        </button>\r\n    </div>\r\n{{/if}}\r\n",
  "components/common/paginator": "{{#and\n    (if show_dropdown)\n    (if (length links) '>' 1)\n}}\n    {{#or (if page_type 'category') (if page_type 'search')}}\n        {{> components/custom/paginator-dropdown page_count=paginator_dropdown_page_count}}\n    {{else}}\n        {{> components/custom/paginator-dropdown page_count=(get 'number' (last links))}}\n    {{/or}}\n{{else}}\n    {{#if (length links) '>' 1}}\n        <nav class=\"pagination\" aria-label=\"pagination\">\n            <ul class=\"pagination-list\">\n                {{#if previous}}\n                    <li class=\"pagination-item pagination-item--previous\">\n                        <a class=\"pagination-link\"\n                        href=\"{{previous}}\"\n                        {{#unless reload}}data-faceted-search-facet{{/unless}}\n                        aria-label=\"{{lang 'common.previous'}}\"\n                        >\n                            <i class=\"icon\" aria-hidden=\"true\">\n                                <svg>\n                                    <use xmlns:xlink=\"http://www.w3.org/1999/xlink\" xlink:href=\"#icon-chevron-left\"></use>\n                                </svg>\n                            </i>\n                            {{lang 'common.previous'}}\n                        </a>\n                    </li>\n                {{/if}}\n\n                {{#each links}}\n                    <li class=\"pagination-item {{#if this.number '==' ../current}}pagination-item--current{{/if}}\">\n                        <a class=\"pagination-link\"\n                        href=\"{{this.url}}\"\n                        {{#unless reload}}data-faceted-search-facet{{/unless}}\n                        {{#if this.number '==' ../current}}\n                        aria-current=\"page\"\n                        data-pagination-current-page-link\n                        {{/if}}\n                        aria-label=\"{{lang 'common.paginator.page_of' current=this.number total=../links.length}}\"\n                        >\n                            {{this.number}}\n                        </a>\n                    </li>\n                {{/each}}\n\n                {{#if next}}\n                    <li class=\"pagination-item pagination-item--next\">\n                        <a class=\"pagination-link\"\n                        href=\"{{next}}\"\n                        {{#unless reload}}data-faceted-search-facet{{/unless}}\n                        aria-label=\"{{lang 'common.next'}}\"\n                        >\n                            {{lang 'common.next'}}\n                            <i class=\"icon\" aria-hidden=\"true\">\n                                <svg>\n                                    <use xmlns:xlink=\"http://www.w3.org/1999/xlink\" xlink:href=\"#icon-chevron-right\"></use>\n                                </svg>\n                            </i>\n                        </a>\n                    </li>\n                {{/if}}\n            </ul>\n        </nav>\n    {{/if}}\n{{/and}}\n",
  "components/products/list-item": "{{#if settings.data_tag_enabled}}\n    <article class=\"listItem\"\n            data-event-type=\"{{event}}\"\n            data-entity-id=\"{{id}}\"\n            data-subcategory-id=\"{{#each category}}{{#if @last}}{{trim this}}{{else}}{{trim this}},{{/if}}{{/each}}\"\n            data-position=\"{{position}}\"\n            data-name=\"{{name}}\"\n            data-product-category=\"{{#each category}}{{#if @last}}{{this}}{{else}}{{this}}, {{/if}}{{/each}}\"\n            data-product-brand=\"{{brand.name}}\"\n            data-product-price=\"{{#or customer (unless theme_settings.restrict_to_login)}}{{#if price.with_tax}}{{price.with_tax.value}}{{else}}{{price.without_tax.value}}{{/if}}{{else}}{{lang 'common.login_for_pricing'}}{{/or}}\"\n    >\n{{else}}\n    <article class=\"listItem\" \n            data-entity-id=\"{{id}}\"\n            data-subcategory-id=\"{{#each category}}{{#if @last}}{{trim this}}{{else}}{{trim this}},{{/if}}{{/each}}\"\n            >\n{{/if}}\n    <figure class=\"listItem-figure\">\n        <a href=\"{{url}}\"\n           class=\"listItem-figure__link\"\n           aria-label=\"{{> components/products/product-info}}\"\n           {{#if settings.data_tag_enabled}}\n           data-event-type=\"product-click\"\n           {{/if}}\n           {{#if theme_settings.its.image_swap_on_hover}} data-image-swap-link {{/if}}\n        >\n            {{#if stock_level '===' 0}}\n                {{#if theme_settings.pdp_sold_out_label '===' ''}}\n                    {{> components/products/product-badge\n                        badge-type='sold-out'\n                        badge_view=theme_settings.product_sold_out_badges\n                        badge_label=(lang \"page_builder.pdp_sold_out_label\")\n                    }}\n                {{else}}\n                    {{> components/products/product-badge\n                        badge-type='sold-out'\n                        badge_view=theme_settings.product_sold_out_badges\n                        badge_label=theme_settings.pdp_sold_out_label\n                    }}\n                {{/if}}\n            {{else}}\n                {{#or price.sale_price_with_tax.value price.sale_price_without_tax.value}}\n                    {{#if theme_settings.pdp_sale_badge_label '===' ''}}\n                        {{> components/products/product-badge\n                            badge-type='sale'\n                            badge_view=theme_settings.product_sale_badges\n                            badge_label=(lang \"page_builder.pdp_sale_badge_label\")\n                        }}\n                    {{else}}\n                        {{> components/products/product-badge\n                            badge-type='sale'\n                            badge_view=theme_settings.product_sale_badges\n                            badge_label=theme_settings.pdp_sale_badge_label\n                        }}\n                    {{/if}}\n                {{/or}}\n            {{/if}}\n            \n            <div class=\"list-img-container\" {{#if theme_settings.its.image_swap_on_hover}} data-image-swap-src=\"{{#each images}}{{#if @index '===' 1}}{{getImage data 'productgallery_size'}}{{/if}}{{/each}}\"{{/if}}>\n                {{> components/common/responsive-img\n                    image=image\n                    class=\"listItem-image\"\n                    fallback_size=theme_settings.productgallery_size\n                    lazyload=theme_settings.lazyload_mode\n                    default_image=theme_settings.default_image_product\n                    otherAttributes='loading=\"lazy\" decoding=\"async\"'\n                }}\n            </div>\n        </a>\n        {{#unless hide_product_quick_view}}\n            {{#if theme_settings.show_product_quick_view}}\n                {{!-- <div class=\"listItem-figureBody\">\n                    <button type=\"button\" {{#if settings.data_tag_enabled}} data-event-type=\"product-click\" {{/if}} class=\"button button--small listItem-button quickview\" data-product-id=\"{{id}}\">{{lang 'products.quick_view'}}</button>\n                </div> --}}\n            {{/if}}\n        {{/unless}}\n    </figure>\n    <div class=\"listItem-body\">\n        <div class=\"listItem-content\">\n            <div class=\"listItem-details\">\n                {{!-- {{#if show_rating}}\n                    <p class=\"listItem-rating\">{{> components/products/ratings rating_target=name rating=rating}}</p>\n                {{/if}} --}}\n                {{#if brand.name}}\n                <p class=\"listItem-brand\">{{brand.name}}</p>\n                {{/if}}\n                <h4 class=\"listItem-title\">\n                    <a href=\"{{url}}\"\n                        aria-label=\"{{> components/products/product-info}}\"\n                        {{#if settings.data_tag_enabled}} data-event-type=\"product-click\" {{/if}}\n                    >\n                        {{name}}\n                    </a>\n                </h4>\n                {{#if summary}}\n                    <p class=\"listItem-summary\">{{{summary}}}</p>\n                {{/if}}\n                <div class=\"listItem__description\"></div>\n                {{#contains (toLowerCase (join (pluck custom_fields 'name') ',')) 'spec|'}}\n                <section class=\"productView-spec-table-wrapper container\">\n                    <h2 class=\"page-heading page-heading--product-specs\">Product Specs</h2>\n                    <div class=\"productView-spec-table\">\n                        <h2 class=\"specTable-heading h3\">Gear Specs</h2>\n                        <div class=\"specTable-body\">\n                            {{#each custom_fields}}\n                            {{#contains (toLowerCase name) \"spec|\"}}\n                            <p class=\"specTable-name\">{{trim (last (split name '|'))}}</p>\n                            {{#contains (toLowerCase value) \"link|\"}}\n                            <a href=\"{{trim (last (split value '|'))}}\" class=\"specTable-value specTable-link p\">\n                                <span class=\"icon icon--download\">\n                                    <svg>\n                                        <use xlink:href=\"#icon-download\"></use>\n                                    </svg>\n                                </span>\n                                {{lookup (split value '|') 1}}\n                            </a>\n                            {{else}}\n                            <p class=\"specTable-value\">{{value}}</p>\n                            {{/contains}}\n                            {{/contains}}\n                            {{/each}}\n                        </div>\n                    </div>\n                </section>\n                {{/contains}}\n            </div>\n            <div class=\"listItem-actions\">\n\n                {{#or customer (if theme_settings.restrict_to_login '!==' true)}}\n                    {{#if price}}\n                        <div class=\"listItem-price\">{{> components/products/price price=price}}</div>\n                    {{/if}}\n                    {{#and\n                        (if theme_settings.its.card_atc_button)\n                        (if theme_settings.its.card_atc_button_pos '===' 'cornerstone')\n                    }}\n                    {{#if show_cart_action}}\n                        {{#if has_options}}\n                            <a href=\"{{url}}\" {{#if settings.data_tag_enabled}} data-event-type=\"product-click\" {{/if}} class=\"button button--small\" data-product-id=\"{{id}}\">{{lang 'products.choose_options'}}</a>\n                        {{/if}}\n                        {{#if pre_order}}\n                            <a href=\"{{pre_order_add_to_cart_url}}\" data-event-type=\"product-click\" class=\"button button--primary\">{{lang 'products.pre_order'}}</a>\n                        {{/if}}\n                        {{#if add_to_cart_url }}\n                            <a href=\"{{add_to_cart_url}}\" {{#if settings.data_tag_enabled}} data-event-type=\"product-click\" {{/if}} class=\"button button--primary\">{{lang 'products.add_to_cart'}}</a>\n                        {{/if}}\n                        {{#if out_of_stock_message }}\n                            <a href=\"{{url}}\" data-event-type=\"product-click\" class=\"button button--small\" data-product-id=\"{{id}}\">{{out_of_stock_message}}</a>\n                        {{/if}}\n                    {{/if}}\n                    {{else}}\n                        {{> components/custom/card-add-to-cart }}\n                    {{/and}}\n                {{else}}\n                    {{> components/common/login-for-pricing}}\n                {{/or}}\n                {{!#if show_compare}}\n                    {{!-- <label class=\"button button--small\" for=\"compare-{{id}}\">\n                        {{lang \"products.compare\"}} <input type=\"checkbox\" name=\"products[]\" value=\"{{id}}\" id=\"compare-{{id}}\" data-compare-id=\"{{id}}\">\n                    </label> --}}\n                {{!/if}}\n            </div>\n        </div>\n    </div>\n</article>\n",
  "components/custom/paginator-dropdown": "<nav class=\"pagination pagination--dropdown\" aria-label=\"pagination\">\n    <ul class=\"pagination-list\">\n        <li class=\"pagination-item pagination-item--previous\">\n            {{#if previous}}\n                <a class=\"pagination-link h5\"\n                   href=\"{{previous}}\"\n                   {{#unless reload}}data-faceted-search-facet{{/unless}}\n                   aria-label=\"{{lang 'common.previous'}}\"\n                >\n                    <i class=\"icon\" aria-hidden=\"true\">\n                        <svg>\n                            <use xmlns:xlink=\"http://www.w3.org/1999/xlink\" xlink:href=\"#icon-chevron-left\"></use>\n                        </svg>\n                    </i>\n                    {{lang 'common.previous'}}\n                </a>\n            {{/if}}\n        </li>\n\n        {{!-- Sets a variable to find and replace the page numbers in the select dropdown below --}}\n\n        {{#each (split (last (split links.[0].url '?')) '&')}}\n            {{#contains this \"page=\"}}\n                {{assignVar 'replace_text' this}}\n            {{/contains}}\n        {{/each}}\n\n        <li class=\"pagination-item pagination-item--dropdown\">\n            <label class=\"pagination-item__label h5\" for=\"paginate-pages\">{{lang 'custom.other.paginator.label'}}</label>\n            <select class=\"pagination-item__dropdown h4\" id=\"paginate-pages\" name=\"paginate-pages\" onchange=\"this.options[this.selectedIndex].value && (window.location = this.options[this.selectedIndex].value);\">\n                {{#for 1 page_count}}\n                    <option value=\"{{#replace (getVar 'replace_text') ../links.[0].url}}page={{$index}}{{/replace}}\" {{#unless reload}}data-faceted-search-facet{{/unless}} {{#if $index '==' ../current}}selected aria-current=\"page\" data-pagination-current-page-link {{/if}} >{{$index}}</option>\n                {{/for}}\n            </select>\n            <span class=\"pagination-item__page-count h5\">{{lang 'custom.other.paginator.of-label' page_count=page_count}}</span>\n        </li>\n\n        <li class=\"pagination-item pagination-item--next\">\n            {{#if next}}\n                <a class=\"pagination-link h5\"\n                   href=\"{{next}}\"\n                   {{#unless reload}}data-faceted-search-facet{{/unless}}\n                   aria-label=\"{{lang 'common.next'}}\"\n                >\n                    {{lang 'common.next'}}\n                    <i class=\"icon\" aria-hidden=\"true\">\n                        <svg>\n                            <use xmlns:xlink=\"http://www.w3.org/1999/xlink\" xlink:href=\"#icon-chevron-right\"></use>\n                        </svg>\n                    </i>\n                </a>\n            {{/if}}\n        </li>\n    </ul>\n</nav>\n",
  "components/category/sort-box": "<fieldset class=\"form-fieldset actionBar-section\">\n    <div class=\"form-field\">\n        <label class=\"form-label\" for=\"sort\">{{lang 'common.sorter.sort_by'}}</label>\n        <select class=\"form-select form-select--small \" name=\"sort\" id=\"sort\" role=\"listbox\">\n            <option value=\"featured\" {{#if sort '==' 'featured'}}selected{{/if}}>{{lang 'common.sorter.featured'}}</option>\n            <option value=\"newest\" {{#if sort '==' 'newest'}}selected{{/if}}>{{lang 'common.sorter.newest'}}</option>\n            <option value=\"bestselling\" {{#if sort '==' 'bestselling'}}selected{{/if}}>{{lang 'common.sorter.top_sellers'}}</option>\n            <option value=\"alphaasc\" {{#if sort '==' 'alphaasc'}}selected{{/if}}>{{lang 'common.sorter.alpha_asc'}}</option>\n            <option value=\"alphadesc\" {{#if sort '==' 'alphadesc'}}selected{{/if}}>{{lang 'common.sorter.alpha_desc'}}</option>\n            <option value=\"avgcustomerreview\" {{#if sort '==' 'avgcustomerreview'}}selected{{/if}}>{{lang 'common.sorter.reviews'}}</option>\n            <option value=\"priceasc\" {{#if sort '==' 'priceasc'}}selected{{/if}}>{{lang 'common.sorter.price_asc'}}</option>\n            <option value=\"pricedesc\" {{#if sort '==' 'pricedesc'}}selected{{/if}}>{{lang 'common.sorter.price_desc'}}</option>\n            {{#if result_count}}\n                <option value=\"relevance\" {{#if sort '==' 'relevance'}}selected{{/if}}>{{lang 'common.sorter.relevance'}}</option>\n            {{/if}}\n        </select>\n    </div>\n</fieldset>\n",
  "components/products/product-info": "{{#or customer (unless theme_settings.restrict_to_login)}}\n{{name}}, {{> components/products/product-aria-label}}\n{{else}}\n{{name}}\n{{/or}}\"\n",
  "components/products/product-badge": "{{#if badge_view '===' 'sash'}}\n    <div class=\"{{badge-type}}-flag-sash\">\n        <span class=\"{{badge-type}}-text\">{{{badge_label}}}</span>\n    </div>\n{{else if badge_view '===' 'topleft'}}\n    <div class=\"{{badge-type}}-flag-side\">\n        <span class=\"{{badge-type}}-text\">{{{badge_label}}}</span>\n    </div>\n{{else if badge_view '===' 'burst'}}\n    <div class=\"starwrap\">\n        <div class=\"{{badge-type}}-text-burst\">{{{badge_label}}}</div>\n        <div class=\"{{badge-type}}-flag-star\"></div>\n    </div>\n{{/if}}\n",
  "components/products/ratings": "<span role=\"img\" class=\"rating-container\"\n    {{#if rating_target}}\n      aria-label=\"{{lang 'products.reviews.rating_aria_label' rating_target=rating_target current_rating=rating max_rating=5}}\"\n    {{else}}\n      aria-label=\"{{lang 'products.reviews.rating_aria_label' rating_target='Product' current_rating=rating max_rating=5}}\"\n    {{/if}}\n>\n    {{#for 1 5}}\n        {{#if ../this.rating '>=' $index}}\n            <span class=\"icon icon--ratingFull\">\n                <svg>\n                    <use xlink:href=\"#icon-star\" />\n                </svg>\n            </span>\n        {{else}}\n            <span class=\"icon icon--ratingEmpty\">\n                <svg>\n                    <use xlink:href=\"#icon-star\" />\n                </svg>\n            </span>\n        {{/if}}\n    {{/for}}\n</span>\n",
  "components/common/responsive-img": "{{!--\nThis file implements the lazysizes srcset pattern (as seen on\nhttps://github.com/aFarkas/lazysizes#modern-transparent-srcset-pattern) for maximum performance on modern browsers\nand reasonable compatibility with legacy browsers.\n\nThere are a few important arguments to know about when using this component:\n`lazyload`:\n    - If set to 'lazyload+lqip', will load a low-res image which will be replaced by lazysizes - ensuring that SOME\n    content is shown immediately on page load. Without LQIP, a transparent gif will be used instead, which reduces\n    the number of requests needed to load the page, making it even faster.\n    - If set to 'lazyload', the browser will not load the full-size image at first, instead the lazysizes plugin will\n        load it progressively after page load. This improves the load speed of the page, but it should be disabled for\n        high-priority above-the-fold images.\n    - If set to 'disabled', will not attempt to lazyload the image and instead tell the browser to load it immediately.\n        Use this for high-priority images that are above the fold.\n\n`fallback_size`:\n    This is the size to use for this image in legacy browsers that do not support srcset.\n    Can be defined as a pixel bounding-box size (e.g. \"123x123) or inherent width (e.g. \"123w\").\n\n`class`:\n    The CSS classes to add to the image, e.g. \"card-image\". If lazyloading is enabled, all images will have the\n    \"lazyload\" class so that lazysizes will target them automatically.\n\n`otherAttributes`:\n    Any other HTML attributes you want on the img tag, for example \"height='100' width='100'\"\n\n`default_image`:\n    The default image to use if `image` is undefined or falsy. Should be a theme asset, usually defined as a relative\n    path in the theme config. If a default image is not provided, you'll get an image tag with no image if the primary\n    image is undefined.\n\n`lqip_size`:\n    If you want to specify a particular size for the LQIP image, you can do so with this argument. A default of 80\n    pixels wide will be used otherwise. This argument has no effect if the lazyload mode is not \"lazyload+lqip\".\n\n--}}\n<img {{#if image}}{{!-- Get the default image for legacy browsers that do not support srcset\n--}}src=\"{{getImageSrcset image 1x=(default fallback_size '160w')}}\" alt=\"{{image.alt}}\" title=\"{{image.alt}}\" {{!--\n  Allow lazysizes to generate the 'sizes' attribute automatically --}}data-sizes=\"auto\"\n  {{!-- Add width/height for CLS prevention --}}\n  {{#if image.width}}width=\"{{image.width}}\"{{else}}width=\"400\"{{/if}}\n  {{#if image.height}}height=\"{{image.height}}\"{{else}}height=\"400\"{{/if}}\n  {{#unless lazyload '==' 'disabled'}}\n    {{#if lazyload '==' 'lazyload+lqip'}}\n    {{!-- If we want a LQIP, include it as the default srcset (will be overwritten by lazysizes) --}}\n    srcset=\"{{getImageSrcset image 1x=(default lqip_size '80w')}}\"\n    {{else}}\n      {{!-- If we don't want a LQIP, use a 1px transparent gif for the stand-in image\n            This requires no additional network request, so it's fast --}}\n    srcset=\"data:image/gif;base64,R0lGODlhAQABAIAAAP///wAAACH5BAEAAAAALAAAAAABAAEAAAICRAEAOw==\"\n    {{/if}}\n{{/unless}}\n{{!-- If lazyloading is disabled, just use \"srcset\". If it is not disabled, use \"data-srcset\" so lazysizes will use\n      this after page load --}}\n{{!--\nGenerate the srcset string using the default sizes defined in the helper. This will allow the browser to\npick the best-sized image based on its own understanding of how it will render the page.\n--}}\n{{#unless lazyload '==' 'disabled'}}data-{{/unless}}srcset=\"{{getImageSrcset image use_default_sizes=true }}\"\n{{else if default_image}}src=\"{{cdn default_image}}\" alt=\"{{lang 'products.card_default_image_alt'}}\"{{/if}}\nclass=\"{{#unless lazyload '==' 'disabled'}}lazyload{{/unless}}{{#if class}} {{class}}{{/if}}\"\n{{#if lazyload '==' 'lazyload'}}loading=\"lazy\"{{/if}}\n{{otherAttributes}} />\n",
  "components/common/login-for-pricing": "<p translate>{{lang 'common.login_for_pricing'}}</p>\n",
  "components/products/price": "{{!-- There are 2 code paths for generating the PDP pricing HTML determined by the following #and condition.\nIf a 'price_range' exists then we generate all HTML in price-range.html, otherwise it is defined here. Both code\npaths generate the same HTML structure with some differences in whether that element is displayed by default (css styling).\n\nIf you are making a change here or in price-range.html, you probably want to make that change in both files. --}}\n\n{{#and price.price_range (if theme_settings.price_ranges '==' true)}}\n    {{> components/products/price-range price=price schema_org=schema_org}}\n{{else}}\n    {{#if price.with_tax}}\n        <div class=\"price-section price-section--withTax rrp-price--withTax\" {{#unless price.rrp_with_tax}}style=\"display: none;\"{{/unless}}>\n            <span class=\"price--rrp-label\">\n                {{> components/products/price-label\n                    label_value=theme_settings.pdp-retail-price-label\n                    fallback=(lang \"page_builder.pdp-retail-price-label\")\n                }}\n            </span>\n            <span data-product-rrp-with-tax class=\"price price--rrp h4\">\n                {{price.rrp_with_tax.formatted}}\n            </span>\n        </div>\n        <div class=\"price-section price-section--withTax non-sale-price--withTax\" {{#unless price.non_sale_price_with_tax}}style=\"display: none;\"{{/unless}}>\n            <span>\n                {{> components/products/price-label\n                    label_value=theme_settings.pdp-non-sale-price-label\n                    fallback=(lang \"page_builder.pdp-non-sale-price-label\")\n                }}\n            </span>\n            <span data-product-non-sale-price-with-tax class=\"price price--non-sale\">\n                {{price.non_sale_price_with_tax.formatted}}\n            </span>\n        </div>\n        <div class=\"price-section price-section--withTax\" {{#if schema_org}}itemprop=\"offers\" itemscope itemtype=\"https://schema.org/Offer\"{{/if}}>\n            <span class=\"price-label\" {{#if price.non_sale_price_with_tax}}style=\"display: none;\"{{/if}}>\n                {{theme_settings.pdp-price-label}}\n            </span>\n            <span class=\"price-now-label\" {{#unless price.non_sale_price_with_tax}}style=\"display: none;\"{{/unless}}>\n                {{> components/products/price-label\n                    label_value=theme_settings.pdp-sale-price-label\n                    fallback=(lang \"page_builder.pdp-sale-price-label\")\n                }}\n            </span>\n            <span data-product-price-with-tax class=\"price price--withTax\">{{price.with_tax.formatted}}</span>\n            {{#if schema_org}}\n                <meta itemprop=\"availability\" itemtype=\"https://schema.org/ItemAvailability\"\n                \tcontent=\"https://schema.org/{{#if product.pre_order}}PreOrder{{else if product.out_of_stock}}OutOfStock{{else if product.can_purchase '===' false}}OutOfStock{{else}}InStock{{/if}}\">\n                <meta itemprop=\"itemCondition\" itemtype=\"https://schema.org/OfferItemCondition\" content=\"https://schema.org/{{product.condition}}Condition\">\n                <meta itemprop=\"priceCurrency\" content=\"{{currency_selector.active_currency_code}}\">\n                <meta itemprop=\"url\" content=\"{{product.url}}\">\n                <div itemprop=\"priceSpecification\" itemscope itemtype=\"https://schema.org/PriceSpecification\">\n                    <meta itemprop=\"price\" content=\"{{price.with_tax.value}}\">\n                    <meta itemprop=\"priceCurrency\" content=\"{{currency_selector.active_currency_code}}\">\n                    <meta itemprop=\"valueAddedTaxIncluded\" content=\"true\">\n                </div>\n            {{/if}}\n            {{#if price.without_tax}}\n                <abbr title=\"{{lang 'products.including_tax'}}\">{{lang 'products.price_with_tax' tax_label=price.tax_label}}</abbr>\n            {{/if}}\n        </div>\n    {{/if}}\n    {{#if price.without_tax}}\n        <div class=\"price-section price-section--withoutTax rrp-price--withoutTax{{#if price.with_tax}} price-section--minor{{/if}}\" {{#unless price.rrp_without_tax}}style=\"display: none;\"{{/unless}}>\n            <span>\n                {{!> components/products/price-label\n                    label_value=theme_settings.pdp-retail-price-label\n                    fallback=(lang \"page_builder.pdp-retail-price-label\")\n                }}\n            </span>\n            <span data-product-rrp-price-without-tax class=\"price price--rrp\">\n                {{price.rrp_without_tax.formatted}}\n            </span>\n        </div>\n        <div class=\"price-section price-section--withoutTax non-sale-price--withoutTax{{#if price.with_tax}} price-section--minor{{/if}}\" {{#unless price.non_sale_price_without_tax}}style=\"display: none;\"{{/unless}}>\n            <span>\n                {{!> components/products/price-label\n                    label_value=theme_settings.pdp-non-sale-price-label\n                    fallback=(lang \"page_builder.pdp-non-sale-price-label\")\n                }}\n            </span>\n            <span data-product-non-sale-price-without-tax class=\"price price--non-sale\">\n                {{price.non_sale_price_without_tax.formatted}}\n            </span>\n        </div>\n        <div class=\"price-section price-section--withoutTax\"\n             itemprop=\"offers\"\n             itemscope\n             itemtype=\"https://schema.org/Offer\">\n        \n          {{!-- Optional: Visible price label --}}\n          <span class=\"price-label\" {{#if price.non_sale_price_without_tax}}style=\"display: none;\"{{/if}}>\n            {{theme_settings.pdp-price-label}}\n          </span>\n        \n          <span class=\"price-now-label\" {{#unless price.non_sale_price_without_tax}}style=\"display: none;\"{{/unless}}>\n            {{!> components/products/price-label\n                label_value=theme_settings.pdp-sale-price-label\n                fallback=(lang \"page_builder.pdp-sale-price-label\")\n            }}\n          </span>\n        \n          {{!-- Visible price for users --}}\n          <span data-product-price-without-tax\n                class=\"price price--withoutTax{{#if price.with_tax}} price-section--minor{{/if}}\">\n            {{price.without_tax.formatted}}\n          </span>\n        \n          {{!-- Required microdata for Merchant Listings --}}\n          <meta itemprop=\"priceCurrency\" content=\"{{currency_selector.active_currency_code}}\">\n          <meta itemprop=\"price\" content=\"{{price.without_tax.value}}\">\n          <meta itemprop=\"availability\"\n                content=\"https://schema.org/{{#if product.pre_order}}PreOrder{{else if product.out_of_stock}}OutOfStock{{else if product.can_purchase '===' false}}OutOfStock{{else}}InStock{{/if}}\">\n          <meta itemprop=\"itemCondition\"\n                content=\"https://schema.org/{{#if product.condition}}{{product.condition}}Condition{{else}}NewCondition{{/if}}\">\n          <meta itemprop=\"url\" content=\"{{product.url}}\">\n        \n          {{!-- Optional but allowed --}}\n          <div itemprop=\"priceSpecification\" itemscope itemtype=\"https://schema.org/PriceSpecification\">\n            <meta itemprop=\"price\" content=\"{{price.without_tax.value}}\">\n            <meta itemprop=\"priceCurrency\" content=\"{{currency_selector.active_currency_code}}\">\n            <meta itemprop=\"valueAddedTaxIncluded\" content=\"false\">\n          </div>\n        \n          {{#if price.with_tax}}\n            <abbr title=\"{{lang 'products.excluding_tax'}}\">\n              {{lang 'products.price_without_tax' tax_label=price.tax_label}}\n            </abbr>\n          {{/if}}\n        </div>\n    {{/if}}\n    {{#if page_type '===' 'product'}}\n         <div class=\"price-section price-section--saving price\" {{#unless price.saved}}style=\"display: none;\"{{/unless}}>\n                <span class=\"price price--you-save\">{{lang 'products.you_save_opening_text'}}</span>\n                <span data-product-price-saved class=\"price price--saving\">\n                    {{price.saved.formatted}}\n                </span>\n                <span class=\"price\">{{lang 'products.you_save_closing_bracket'}}</span>\n         </div>\n    {{/if}}\n{{/and}}\n",
  "components/custom/card-add-to-cart": "{{#and\n    (if theme_settings.its.card_atc_button)\n    (if theme_settings.its.card_atc_button_pos '===' 'bottom')\n}}\n\n{{!-- Generates a unique ID for the element so we don't have duplicate IDs on the page --}}\n\n{{#if (getVar 'UUIDcounter')}}\n    {{assignVar 'UUIDcounter' (add (getVar 'UUIDcounter') 1)}}\n    {{assignVar 'UUIDcatc' (add (toInt (moment unixtimestamp format=\"x\")) (getVar 'UUIDcounter'))}}\n{{else}}\n    {{assignVar 'UUIDcounter' 1}}\n    {{assignVar 'UUIDcatc' (toInt (moment unixtimestamp format=\"x\"))}}\n{{/if}}\n\n{{assignVar 'catcAddID' (get 'string' (concat (concat (concat 'card-atc__add-' id) '-') (getVar 'UUIDcatc')))}}\n{{assignVar 'catcQtyID' (get 'string' (concat (concat (concat 'card-atc__qty-' id) '-') (getVar 'UUIDcatc')))}}\n\n<div class=\"card-atc js-card-atc\">\n    {{#if has_options}}\n        <div class=\"card-atc__section card-atc__section--action\">\n            {{!-- <input\n                type=\"button\"\n                class=\"card-atc__button button button--primary card-atc__button--choose-options\"\n                id=\"{{getVar 'catcAddID'}}\"\n                data-product-id=\"{{id}}\"\n                value=\"{{lang 'products.choose_options'}}\"\n                data-event-type=\"product-click\"\n            > --}}\n            <a href=\"{{url}}\" {{#if settings.data_tag_enabled}} data-event-type=\"product-click\" {{/if}} class=\"card-atc__button button button--primary card-atc__button--choose-options\" data-product-id=\"{{id}}\">{{lang 'products.choose_options'}}</a>\n            <span class=\"product-status-message aria-description--hidden\">{{lang 'products.adding_to_cart'}} {{lang 'category.add_cart_announcement'}}</span>\n        </div>\n    {{/if}}\n    {{#or\n        (if add_to_cart_url)\n        (if pre_order)\n    }}\n        {{#if theme_settings.its.card_atc_input}}\n        <div class=\"card-atc__section card-atc__section--qty\">\n            <label for=\"{{getVar 'catcQtyID'}}\" class=\"card-atc__label is-srOnly\">{{lang 'products.quantity'}}</label>\n            <div class=\"card-atc-increment {{#if theme_settings.its.card_atc_input_buttons}}card-atc-increment--has-buttons{{/if}} js-card-atc-increment\">\n                {{#if theme_settings.its.card_atc_input_buttons}}\n                <button class=\"button button--icon\" data-action=\"dec\" type=\"button\">\n                    <span class=\"is-srOnly\">{{lang 'products.quantity_decrease'}}</span>\n                    <i class=\"icon\" aria-hidden=\"true\">\n                        <svg>\n                            <use xlink:href=\"#icon-keyboard-arrow-down\"/>\n                        </svg>\n                    </i>\n                </button>\n                {{/if}}\n                <input\n                    type=\"tel\"\n                    class=\"form-input card-atc__input card-atc__input--total js-card-atc__input--total\"\n                    name=\"{{getVar 'catcQtyID'}}\"\n                    id=\"{{getVar 'catcQtyID'}}\"\n                    value=\"{{#if (isString theme_settings.its.card_atc_input_default)}}0{{else}}{{theme_settings.its.card_atc_input_default}}{{/if}}\"\n                    min=\"1\"\n                    pattern=\"[0-9]*\"\n                    aria-live=\"polite\"\n                >\n                {{#if theme_settings.its.card_atc_input_buttons}}\n                <button class=\"button button--icon\" data-action=\"inc\" type=\"button\">\n                    <span class=\"is-srOnly\">{{lang 'products.quantity_increase'}}</span>\n                    <i class=\"icon\" aria-hidden=\"true\">\n                        <svg>\n                            <use xlink:href=\"#icon-keyboard-arrow-up\"/>\n                        </svg>\n                    </i>\n                </button>\n                {{/if}}\n            </div>\n        </div>\n        {{/if}}\n        <div class=\"card-atc__section card-atc__section--action\">\n            <input\n                type=\"button\"\n                class=\"card-atc__button button button--primary js-card-atc__button\"\n                id=\"{{getVar 'catcAddID'}}\"\n                data-default-message=\"{{#if pre_order}}{{lang 'products.pre_order'}}{{else}}{{lang 'products.add_to_cart'}}{{/if}}\"\n                data-wait-message=\"{{lang 'products.adding_to_cart'}}\"\n                data-added-message=\"Added to Cart\"\n                value=\"{{#if pre_order}}{{lang 'products.pre_order'}}{{else}}{{lang 'products.add_to_cart'}}{{/if}}\"\n                data-card-add-to-cart=\"{{#if pre_order}}{{pre_order_add_to_cart_url}}{{else}}{{add_to_cart_url}}{{/if}}\"\n                data-event-type=\"product-click\"\n            >\n            <span class=\"product-status-message aria-description--hidden\">{{lang 'products.adding_to_cart'}} {{lang 'category.add_cart_announcement'}}</span>\n        </div>\n    {{/or}}\n    {{#if out_of_stock_message }}\n        <a href=\"{{url}}\"  class=\"button button--small\" data-product-id=\"{{id}}\">{{out_of_stock_message}}</a>\n    {{/if}}\n</div>\n{{/and}}\n",
  "components/products/product-aria-label": "{{#and price.price_range (if theme_settings.price_ranges '==' true)}}\n    {{#and price.price_range.min.with_tax price.price_range.max.with_tax}}\n{{lang 'category.shop_by_price_range_aria'\n       from=price.price_range.min.with_tax.formatted\n       to=price.price_range.max.with_tax.formatted\n}}\n    {{else}}\n{{lang 'category.shop_by_price_range_aria'\n       from=price.price_range.min.without_tax.formatted\n       to=price.price_range.max.without_tax.formatted\n}}\n    {{/and}}\n{{else}}\n    {{#if price.with_tax}}\n        {{#if price.non_sale_price_with_tax}}\n{{> components/products/price-label\n    label_value=theme_settings.pdp-non-sale-price-label\n    fallback=(lang \"page_builder.pdp-non-sale-price-label\")\n}}{{price.non_sale_price_with_tax.formatted}},\n{{> components/products/price-label\n    label_value=theme_settings.pdp-sale-price-label\n    fallback=(lang \"page_builder.pdp-sale-price-label\")\n}}{{price.with_tax.formatted}}\n        {{else}}\n{{price.with_tax.formatted}}\n        {{/if}}\n    {{else}}\n        {{#if price.non_sale_price_without_tax}}\n{{> components/products/price-label\n    label_value=theme_settings.pdp-non-sale-price-label\n    fallback=(lang \"page_builder.pdp-non-sale-price-label\")\n}}{{price.non_sale_price_without_tax.formatted}},\n{{> components/products/price-label\n    label_value=theme_settings.pdp-sale-price-label\n    fallback=(lang \"page_builder.pdp-sale-price-label\")\n}}{{price.without_tax.formatted}}\n        {{else}}\n{{price.without_tax.formatted}}\n        {{/if}}\n    {{/if}}\n{{/and}}\n",
  "components/products/price-range": "{{#and price.retail_price_range.min.with_tax price.retail_price_range.max.with_tax}}\n    <div class=\"price-section price-section--withTax rrp-price--withTax\">\n        <span>\n            {{> components/products/price-label\n                label_value=theme_settings.pdp-retail-price-label\n                fallback=(lang \"page_builder.pdp-retail-price-label\")\n            }}\n        </span>\n        <span data-product-rrp-price-with-tax class=\"price price--rrp\">{{price.retail_price_range.min.with_tax.formatted}} - {{price.retail_price_range.max.with_tax.formatted}}</span>\n    </div>\n{{else}}\n    {{#if price.with_tax}}\n        <div class=\"price-section price-section--withTax rrp-price--withTax\" style=\"display: none;\">\n            <span>\n                {{> components/products/price-label\n                    label_value=theme_settings.pdp-retail-price-label\n                    fallback=(lang \"page_builder.pdp-retail-price-label\")\n                }}\n            </span>\n            <span data-product-rrp-with-tax class=\"price price--rrp\">\n                {{price.rrp_with_tax.formatted}}\n            </span>\n        </div>\n    {{/if}}\n{{/and}}\n{{#and price.price_range.min.with_tax price.price_range.max.with_tax}}\n    {{!-- Never display the \"non-sales price\" if there is a price range to be shown, but we do want the element on the page --}}\n    <div class=\"price-section price-section--withTax non-sale-price--withTax\" style=\"display: none;\">\n        <span>\n            {{> components/products/price-label\n                label_value=theme_settings.pdp-non-sale-price-label\n                fallback=(lang \"page_builder.pdp-non-sale-price-label\")\n            }}\n        </span>\n        <span data-product-non-sale-price-with-tax class=\"price price--non-sale\">\n            {{price.non_sale_price_with_tax.formatted}}\n        </span>\n    </div>\n    <div class=\"price-section price-section--withTax\" {{#if schema_org}}itemprop=\"offers\" itemscope itemtype=\"https://schema.org/Offer\"{{/if}}>\n        <span class=\"price-label\">{{theme_settings.pdp-price-label}}</span>\n        <span class=\"price-now-label\" style=\"display: none;\">\n            {{> components/products/price-label\n                label_value=theme_settings.pdp-sale-price-label\n                fallback=(lang \"page_builder.pdp-sale-price-label\")\n            }}\n        </span>\n        <span data-product-price-with-tax class=\"price price--withTax\">{{price.price_range.min.with_tax.formatted}} - {{price.price_range.max.with_tax.formatted}}</span>\n        {{#and price.price_range.min.without_tax price.price_range.max.without_tax}}\n            <abbr title=\"{{lang 'products.including_tax'}}\">{{lang 'products.price_with_tax' tax_label=price.price_range.min.tax_label}}</abbr>\n        {{/and}}\n        {{#if schema_org}}\n            <meta itemprop=\"availability\" itemtype=\"https://schema.org/ItemAvailability\"\n                    content=\"https://schema.org/{{#if product.pre_order}}PreOrder{{else if product.out_of_stock}}OutOfStock{{else if product.can_purchase '===' false}}OutOfStock{{else}}InStock{{/if}}\">\n            <meta itemprop=\"itemCondition\" itemtype=\"https://schema.org/OfferItemCondition\" content=\"https://schema.org/{{product.condition}}Condition\">\n            <meta itemprop=\"priceCurrency\" content=\"{{currency_selector.active_currency_code}}\">\n            <meta itemprop=\"url\" content=\"{{product.url}}\">\n            <div itemprop=\"priceSpecification\" itemscope itemtype=\"https://schema.org/PriceSpecification\">\n                <meta itemprop=\"minPrice\" content=\"{{price_range.min.with_tax.value}}\"  />\n                <meta itemprop=\"price\" content=\"{{price_range.min.with_tax.value}}\">\n                <meta itemprop=\"maxPrice\" content=\"{{price_range.max.with_tax.value}}\"  />\n                <meta itemprop=\"priceCurrency\" content=\"{{currency_selector.active_currency_code}}\">\n                <meta itemprop=\"valueAddedTaxIncluded\" content=\"true\">\n            </div>\n        {{/if}}\n    </div>\n{{/and}}\n{{#and price.retail_price_range.min.without_tax price.retail_price_range.max.without_tax}}\n    <div class=\"price-section price-section--withoutTax rrp-price--withoutTax{{#if price.with_tax}} price-section--minor{{/if}}\">\n        <span>\n            {{> components/products/price-label\n                label_value=theme_settings.pdp-retail-price-label\n                fallback=(lang \"page_builder.pdp-retail-price-label\")\n            }}\n        </span>\n        <span data-product-rrp-price-without-tax class=\"price price--rrp\">{{price.retail_price_range.min.without_tax.formatted}} - {{price.retail_price_range.max.without_tax.formatted}}</span>\n    </div>\n{{else}}\n    {{#if price.without_tax}}\n        <div class=\"price-section price-section--withoutTax rrp-price--withoutTax{{#if price.with_tax}} price-section--minor{{/if}}\" style=\"display: none;\">\n            <span>\n                {{> components/products/price-label\n                    label_value=theme_settings.pdp-retail-price-label\n                    fallback=(lang \"page_builder.pdp-retail-price-label\")\n                }}\n            </span>\n            <span data-product-rrp-price-without-tax class=\"price price--rrp\">\n                {{price.rrp_without_tax.formatted}}\n            </span>\n        </div>\n    {{/if}}\n{{/and}}\n{{#and price.price_range.min.without_tax price.price_range.max.without_tax}}\n    {{!-- Never display the \"non-sales price\" if there is a price range to be shown, but we do want the element on the page --}}\n    <div class=\"price-section price-section--withoutTax non-sale-price--withoutTax{{#if price.with_tax}} price-section--minor{{/if}}\" style=\"display: none;\">\n        <span>\n            {{> components/products/price-label\n                label_value=theme_settings.pdp-non-sale-price-label\n                fallback=(lang \"page_builder.pdp-non-sale-price-label\")\n            }}\n        </span>\n        <span data-product-non-sale-price-without-tax class=\"price price--non-sale\">\n            {{price.non_sale_price_without_tax.formatted}}\n        </span>\n    </div>\n    <div class=\"price-section price-section--withoutTax{{#and price_range.min.with_tax price_range.max.with_tax}} price-section--minor{{/and}}\" {{#if schema_org}}itemprop=\"offers\" itemscope itemtype=\"https://schema.org/Offer\"{{/if}}>\n        <span class=\"price-label\">{{theme_settings.pdp-price-label}}</span>\n        <span class=\"price-now-label\" style=\"display: none;\">\n            {{> components/products/price-label\n                label_value=theme_settings.pdp-sale-price-label\n                fallback=(lang \"page_builder.pdp-sale-price-label\")\n            }}\n        </span>\n        <span data-product-price-without-tax class=\"price price--withoutTax\">{{price.price_range.min.without_tax.formatted}} - {{price.price_range.max.without_tax.formatted}}</span>\n        {{#and price.price_range.min.with_tax price.price_range.max.with_tax}}\n            <abbr title=\"{{lang 'products.excluding_tax'}}\">{{lang 'products.price_without_tax' tax_label=price.price_range.min.tax_label}}</abbr>\n        {{/and}}\n        {{#if schema_org}}\n            <meta itemprop=\"availability\" itemtype=\"https://schema.org/ItemAvailability\"\n                    content=\"https://schema.org/{{#if product.pre_order}}PreOrder{{else if product.out_of_stock}}OutOfStock{{else if product.can_purchase '===' false}}OutOfStock{{else}}InStock{{/if}}\">\n            <meta itemprop=\"itemCondition\" itemtype=\"https://schema.org/OfferItemCondition\" content=\"https://schema.org/{{product.condition}}Condition\">\n            <meta itemprop=\"priceCurrency\" content=\"{{currency_selector.active_currency_code}}\">\n            <meta itemprop=\"url\" content=\"{{product.url}}\">\n            <div itemprop=\"priceSpecification\" itemscope itemtype=\"https://schema.org/PriceSpecification\">\n                <meta itemprop=\"minPrice\" content=\"{{price.price_range.min.without_tax.value}}\"  />\n                <meta itemprop=\"price\" content=\"{{price.price_range.min.without_tax.value}}\">\n                <meta itemprop=\"maxPrice\" content=\"{{price.price_range.max.without_tax.value}}\"  />\n                <meta itemprop=\"priceCurrency\" content=\"{{currency_selector.active_currency_code}}\">\n                <meta itemprop=\"valueAddedTaxIncluded\" content=\"false\">\n            </div>\n        {{/if}}\n    </div>\n{{/and}}\n\n{{!-- Never display the \"saving price\" element by default if there is a price range on the page to be shown --}}\n{{#if page_type '===' 'product'}}\n     <div class=\"price-section price-section--saving price\" style=\"display: none;\">\n            <span class=\"price\">{{lang 'products.you_save_opening_text'}}</span>\n            <span data-product-price-saved class=\"price price--saving\">\n                {{price.saved.formatted}}\n            </span>\n            <span class=\"price\">{{lang 'products.you_save_closing_bracket'}}</span>\n     </div>\n{{/if}}\n",
  "components/products/price-label": "{{#if label_value '===' ''}}\n    {{fallback}}\n{{else}}\n    {{label_value}}\n{{/if}}\n"
}