{
  "133": {
    "heading": "Make Your Net Stand Out with <strong>Custom Branding</strong>",
    "subheading": "From college teams to beach tournaments and sports bars, our printed nets combine pro-grade durability with full-color branding that turns heads.",
    "cta_url": "/shop-now",
    "cta_text": "Shop Now"
  },
  "456": {
    "heading": "Another Category",
    "subheading": "Special deals for 456",
    "cta_url": "/special",
    "cta_text": "See Specials"
  },
  "789": {
    "heading": "Welcome to Category 789!",
    "subheading": "Unique offers just for you.",
    "cta_url": "/offers",
    "cta_text": "View Offers"
  }
}
