{
  "components/custom/clients-partners": "<section class=\"clients-partners\">\n    <div class=\"container\">\n        <div class=\"clients-partners__header\">\n            <h2 class=\"h2\">{{lang 'custom.clients.title'}}</h2>\n            <p>{{lang 'custom.clients.subtitle'}}</p>\n        </div>\n\n        <div class=\"clients-partners__content\">\n            <!-- Left Column: Sticky Filters -->\n            <div class=\"clients-partners__sidebar\">\n                <div class=\"clients-partners__filters\">\n                    <!-- Category Filter Buttons -->\n                    <div class=\"clients-partners__filter-group\">\n                        <h3 class=\"clients-partners__filter-title\">Client Types</h3>\n                        <div class=\"clients-partners__filter-buttons\" id=\"categoryFilters\">\n                            <button class=\"filter-toggle filter-toggle--active\" data-filter=\"all\">\n                                <span class=\"filter-toggle__text\">All Clients</span>\n                                <span class=\"filter-toggle__count\" id=\"count-all\">(120+)</span>\n                            </button>\n                            <button class=\"filter-toggle\" data-filter=\"partnerships\">\n                                <span class=\"filter-toggle__text\">Official Partnerships</span>\n                                <span class=\"filter-toggle__count\" id=\"count-partnerships\">(0)</span>\n                            </button>\n                            <button class=\"filter-toggle\" data-filter=\"colleges\">\n                                <span class=\"filter-toggle__text\">Colleges & Universities</span>\n                                <span class=\"filter-toggle__count\" id=\"count-colleges\">(0)</span>\n                            </button>\n                            <button class=\"filter-toggle\" data-filter=\"clubs\">\n                                <span class=\"filter-toggle__text\">Clubs & Academies</span>\n                                <span class=\"filter-toggle__count\" id=\"count-clubs\">(0)</span>\n                            </button>\n                            <button class=\"filter-toggle\" data-filter=\"facilities\">\n                                <span class=\"filter-toggle__text\">Sports Complexes</span>\n                                <span class=\"filter-toggle__count\" id=\"count-facilities\">(0)</span>\n                            </button>\n                            <button class=\"filter-toggle\" data-filter=\"organizations\">\n                                <span class=\"filter-toggle__text\">Organizations</span>\n                                <span class=\"filter-toggle__count\" id=\"count-organizations\">(0)</span>\n                            </button>\n                            <button class=\"filter-toggle\" data-filter=\"corporate\">\n                                <span class=\"filter-toggle__text\">Corporate</span>\n                                <span class=\"filter-toggle__count\" id=\"count-corporate\">(0)</span>\n                            </button>\n                            <button class=\"filter-toggle\" data-filter=\"schools\">\n                                <span class=\"filter-toggle__text\">K-12 Schools</span>\n                                <span class=\"filter-toggle__count\" id=\"count-schools\">(0)</span>\n                            </button>\n                        </div>\n                    </div>\n\n                    <!-- Environment/Type Filter Buttons -->\n                    <div class=\"clients-partners__filter-group\">\n                        <h3 class=\"clients-partners__filter-title\">Court Types <span style=\"font-size: 0.8em; color: #9ca3af; font-weight: 400;\">(multi-select - must match all)</span></h3>\n                        <div class=\"clients-partners__filter-buttons\" id=\"environmentFilters\">\n                            <!-- These will be dynamically populated based on available badges -->\n                        </div>\n                        <button class=\"filter-clear-btn\" id=\"clearCourtTypes\" style=\"display: none; margin-top: 8px; padding: 6px 12px; background: transparent; border: 1px solid #e5e7eb; border-radius: 6px; color: #6b7280; font-size: 0.875rem; cursor: pointer; transition: all 0.2s;\" \n                                onmouseover=\"this.style.background='#f9fafb'; this.style.borderColor='#d1d5db'; this.style.color='#374151';\" \n                                onmouseout=\"this.style.background='transparent'; this.style.borderColor='#e5e7eb'; this.style.color='#6b7280';\">\n                            Clear All Court Types\n                        </button>\n                    </div>\n                </div>\n            </div>\n\n            <!-- Right Column: Scrollable Cards -->\n            <div class=\"clients-partners__main\">\n                <div class=\"clients-partners__grid\" id=\"clientsGrid\">\n                    <p style=\"color: white; text-align: center;\">Loading clients...</p>\n                </div>\n\n                <!-- Optional scroll hint for better UX -->\n                <div class=\"clients-partners__scroll-hint\" id=\"scrollHint\">\n                    Scroll to see more clients\n                </div>\n            </div>\n        </div>\n    </div>\n</section>\n\n<!-- Embed client data directly in template for reliable loading -->\n<script id=\"clientsData\" type=\"application/json\">\n{\n    \"clients\": [\n        {\n            \"name\": \"Official AVP Tour Equipment Supplier\",\n            \"location\": \"USA\",\n            \"categories\": [\"partnerships\"],\n            \"badges\": [\"outdoor\"]\n        },\n        {\n            \"name\": \"Official P1440 Tour Equipment Supplier\",\n            \"location\": \"USA\",\n            \"categories\": [\"partnerships\"],\n            \"badges\": [\"outdoor\"]\n        },\n        {\n            \"name\": \"Sand Court Experts\",\n            \"location\": \"USA\",\n            \"categories\": [\"partnerships\"],\n            \"badges\": [\"outdoor\"]\n        },\n        {\n            \"name\": \"David Culpepper (AVP/FIVB Facilities Director)\",\n            \"location\": \"USA\",\n            \"categories\": [\"partnerships\"],\n            \"badges\": [\"outdoor\"]\n        },\n        {\n            \"name\": \"Sinjin Smith (King of the Beach)\",\n            \"location\": \"USA\",\n            \"categories\": [\"partnerships\"],\n            \"badges\": [\"outdoor\"]\n        },\n        {\n            \"name\": \"Jake Gibb's Spiker Beach\",\n            \"location\": \"USA\",\n            \"categories\": [\"partnerships\"],\n            \"badges\": [\"outdoor\"]\n        },\n        {\n            \"name\": \"Phil Dalhausser Beach Volleyball Academy\",\n            \"location\": \"USA\",\n            \"categories\": [\"partnerships\"],\n            \"badges\": [\"outdoor\"]\n        },\n        {\n            \"name\": \"University of Washington\",\n            \"location\": \"Seattle, WA\",\n            \"categories\": [\"colleges\"],\n            \"badges\": [\"indoor\", \"outdoor\", \"sand supplier\"]\n        },\n        {\n            \"name\": \"Utah Valley University\",\n            \"location\": \"Orem, UT\",\n            \"categories\": [\"colleges\"],\n            \"badges\": [\"indoor\"]\n        },\n        {\n            \"name\": \"University of Mary Hardin-Baylor\",\n            \"location\": \"Belton, TX\",\n            \"categories\": [\"colleges\"],\n            \"badges\": [\"indoor\"]\n        },\n        {\n            \"name\": \"Seattle University (Club Sports)\",\n            \"location\": \"Seattle, WA\",\n            \"categories\": [\"colleges\"],\n            \"badges\": [\"indoor\"]\n        },\n        {\n            \"name\": \"University of Colorado, Colorado Springs\",\n            \"location\": \"Colorado Springs, CO\",\n            \"categories\": [\"colleges\"],\n            \"badges\": [\"indoor\"]\n        },\n        {\n            \"name\": \"Fresno State University\",\n            \"location\": \"Fresno, CA\",\n            \"categories\": [\"colleges\"],\n            \"badges\": [\"indoor\"]\n        },\n        {\n            \"name\": \"Mt. San Jacinto College\",\n            \"location\": \"San Jacinto, CA\",\n            \"categories\": [\"colleges\"],\n            \"badges\": [\"indoor\", \"outdoor\"]\n        },\n        {\n            \"name\": \"Northwest University\",\n            \"location\": \"Kirkland, WA\",\n            \"categories\": [\"colleges\"],\n            \"badges\": [\"indoor\", \"outdoor\"]\n        },\n        {\n            \"name\": \"Mercer University\",\n            \"location\": \"Macon, GA\",\n            \"categories\": [\"colleges\"],\n            \"badges\": [\"outdoor\"]\n        },\n        {\n            \"name\": \"University of Utah\",\n            \"location\": \"Salt Lake City, UT\",\n            \"categories\": [\"colleges\"],\n            \"badges\": [\"outdoor\"]\n        },\n        {\n            \"name\": \"University of San Diego\",\n            \"location\": \"San Diego, CA\",\n            \"categories\": [\"colleges\"],\n            \"badges\": [\"outdoor\"]\n        },\n        {\n            \"name\": \"SD Mesa College\",\n            \"location\": \"San Diego, CA\",\n            \"categories\": [\"colleges\"],\n            \"badges\": [\"outdoor\"]\n        },\n        {\n            \"name\": \"UC Davis\",\n            \"location\": \"Davis, CA\",\n            \"categories\": [\"colleges\"],\n            \"badges\": [\"outdoor\"]\n        },\n        {\n            \"name\": \"Cal State Bakersfield\",\n            \"location\": \"Bakersfield, CA\",\n            \"categories\": [\"colleges\"],\n            \"badges\": [\"outdoor\"]\n        },\n        {\n            \"name\": \"El Camino College\",\n            \"location\": \"Torrance, CA\",\n            \"categories\": [\"colleges\"],\n            \"badges\": [\"outdoor\"]\n        },\n        {\n            \"name\": \"Grossmont College\",\n            \"location\": \"El Cajon, CA\",\n            \"categories\": [\"colleges\"],\n            \"badges\": [\"outdoor\"]\n        },\n        {\n            \"name\": \"Cal State University Northridge\",\n            \"location\": \"Northridge, CA\",\n            \"categories\": [\"colleges\"],\n            \"badges\": [\"outdoor\"]\n        },\n        {\n            \"name\": \"Long Beach State\",\n            \"location\": \"Long Beach, CA\",\n            \"categories\": [\"colleges\"],\n            \"badges\": [\"outdoor\"]\n        },\n        {\n            \"name\": \"Southern Mississippi University\",\n            \"location\": \"Hattiesburg, MS\",\n            \"categories\": [\"colleges\"],\n            \"badges\": [\"outdoor\"]\n        },\n        {\n            \"name\": \"University of Hawaii\",\n            \"location\": \"Honolulu, HI\",\n            \"categories\": [\"colleges\"],\n            \"badges\": [\"outdoor\"]\n        },\n        {\n            \"name\": \"Colorado State University\",\n            \"location\": \"Fort Collins, CO\",\n            \"categories\": [\"colleges\"],\n            \"badges\": [\"outdoor\"]\n        },\n        {\n            \"name\": \"Stanford University\",\n            \"location\": \"Stanford, CA\",\n            \"categories\": [\"colleges\"],\n            \"badges\": [\"outdoor\"]\n        },\n        {\n            \"name\": \"University of Texas\",\n            \"location\": \"Austin, TX\",\n            \"categories\": [\"colleges\"],\n            \"badges\": [\"outdoor\"]\n        },\n        {\n            \"name\": \"Central Arkansas\",\n            \"location\": \"Conway, AR\",\n            \"categories\": [\"colleges\"],\n            \"badges\": [\"outdoor\"]\n        },\n        {\n            \"name\": \"Coastal Carolina\",\n            \"location\": \"Conway, SC\",\n            \"categories\": [\"colleges\"],\n            \"badges\": [\"outdoor\"]\n        },\n        {\n            \"name\": \"Grand Canyon University\",\n            \"location\": \"Phoenix, AZ\",\n            \"categories\": [\"colleges\"],\n            \"badges\": [\"outdoor\"]\n        },\n        {\n            \"name\": \"LMU\",\n            \"location\": \"Los Angeles, CA\",\n            \"categories\": [\"colleges\"],\n            \"badges\": [\"outdoor\"]\n        },\n        {\n            \"name\": \"Boise State University\",\n            \"location\": \"Boise, ID\",\n            \"categories\": [\"colleges\"],\n            \"badges\": [\"outdoor\"]\n        },\n        {\n            \"name\": \"Austin Peay University\",\n            \"location\": \"Clarksville, TN\",\n            \"categories\": [\"colleges\"],\n            \"badges\": [\"outdoor\"]\n        },\n        {\n            \"name\": \"TCU\",\n            \"location\": \"Fort Worth, TX\",\n            \"categories\": [\"colleges\"],\n            \"badges\": [\"outdoor\"]\n        },\n        {\n            \"name\": \"San Jose State University\",\n            \"location\": \"San Jose, CA\",\n            \"categories\": [\"colleges\"],\n            \"badges\": [\"outdoor\"]\n        },\n        {\n            \"name\": \"Florida Gulf Coast University\",\n            \"location\": \"Fort Myers, FL\",\n            \"categories\": [\"colleges\"],\n            \"badges\": [\"outdoor\"]\n        },\n        {\n            \"name\": \"Stetson University\",\n            \"location\": \"DeLand, FL\",\n            \"categories\": [\"colleges\"],\n            \"badges\": [\"outdoor\"]\n        },\n        {\n            \"name\": \"Cal Poly San Luis Obispo\",\n            \"location\": \"San Luis Obispo, CA\",\n            \"categories\": [\"colleges\"],\n            \"badges\": [\"outdoor\"]\n        },\n        {\n            \"name\": \"Florida International University\",\n            \"location\": \"Miami, FL\",\n            \"categories\": [\"colleges\"],\n            \"badges\": [\"outdoor\"]\n        },\n        {\n            \"name\": \"St. Leo University\",\n            \"location\": \"St. Leo, FL\",\n            \"categories\": [\"colleges\"],\n            \"badges\": [\"outdoor\"]\n        },\n        {\n            \"name\": \"Florida Atlantic University\",\n            \"location\": \"Boca Raton, FL\",\n            \"categories\": [\"colleges\"],\n            \"badges\": [\"outdoor\"]\n        },\n        {\n            \"name\": \"University of North Florida\",\n            \"location\": \"Jacksonville, FL\",\n            \"categories\": [\"colleges\"],\n            \"badges\": [\"outdoor\"]\n        },\n        {\n            \"name\": \"Jacksonville University\",\n            \"location\": \"Jacksonville, FL\",\n            \"categories\": [\"colleges\"],\n            \"badges\": [\"outdoor\"]\n        },\n        {\n            \"name\": \"Palm Beach Atlantic University\",\n            \"location\": \"West Palm Beach, FL\",\n            \"categories\": [\"colleges\"],\n            \"badges\": [\"outdoor\"]\n        },\n        {\n            \"name\": \"Florida Southern\",\n            \"location\": \"Lakeland, FL\",\n            \"categories\": [\"colleges\"],\n            \"badges\": [\"outdoor\"]\n        },\n        {\n            \"name\": \"Florida State University\",\n            \"location\": \"Tallahassee, FL\",\n            \"categories\": [\"colleges\"],\n            \"badges\": [\"outdoor\"]\n        },\n        {\n            \"name\": \"The College of Idaho\",\n            \"location\": \"Caldwell, ID\",\n            \"categories\": [\"colleges\"],\n            \"badges\": [\"outdoor\"]\n        },\n        {\n            \"name\": \"Texas A&M\",\n            \"location\": \"College Station, TX\",\n            \"categories\": [\"colleges\"],\n            \"badges\": [\"outdoor\"]\n        },\n        {\n            \"name\": \"Texas A&M Kingsville University\",\n            \"location\": \"Kingsville, TX\",\n            \"categories\": [\"colleges\"],\n            \"badges\": [\"outdoor\"]\n        },\n        {\n            \"name\": \"Texas A&M Corpus Christi University\",\n            \"location\": \"Corpus Christi, TX\",\n            \"categories\": [\"colleges\"],\n            \"badges\": [\"outdoor\"]\n        },\n        {\n            \"name\": \"Corban College\",\n            \"location\": \"Salem, OR\",\n            \"categories\": [\"colleges\"],\n            \"badges\": [\"outdoor\"]\n        },\n        {\n            \"name\": \"Bushnell College\",\n            \"location\": \"Eugene, OR\",\n            \"categories\": [\"colleges\"],\n            \"badges\": [\"outdoor\"]\n        },\n        {\n            \"name\": \"De Anza College\",\n            \"location\": \"Cupertino, CA\",\n            \"categories\": [\"colleges\"],\n            \"badges\": [\"outdoor\"]\n        },\n        {\n            \"name\": \"The Master's College\",\n            \"location\": \"Santa Clarita, CA\",\n            \"categories\": [\"colleges\"],\n            \"badges\": [\"outdoor\"]\n        },\n        {\n            \"name\": \"Long Beach City College\",\n            \"location\": \"Long Beach, CA\",\n            \"categories\": [\"colleges\"],\n            \"badges\": [\"outdoor\"]\n        },\n        {\n            \"name\": \"West Valley College\",\n            \"location\": \"Saratoga, CA\",\n            \"categories\": [\"colleges\"],\n            \"badges\": [\"outdoor\"]\n        },\n        {\n            \"name\": \"Pepperdine University\",\n            \"location\": \"Malibu, CA\",\n            \"categories\": [\"colleges\"],\n            \"badges\": [\"outdoor\"]\n        },\n        {\n            \"name\": \"Moorpark College\",\n            \"location\": \"Moorpark, CA\",\n            \"categories\": [\"colleges\"],\n            \"badges\": [\"outdoor\"]\n        },\n        {\n            \"name\": \"College of the Siskiyous\",\n            \"location\": \"Weed, CA\",\n            \"categories\": [\"colleges\"],\n            \"badges\": [\"indoor\", \"outdoor\"]\n        },\n        {\n            \"name\": \"Feather River College\",\n            \"location\": \"Quincy, CA\",\n            \"categories\": [\"colleges\"],\n            \"badges\": [\"indoor\", \"outdoor\"]\n        },\n        {\n            \"name\": \"Principia College\",\n            \"location\": \"Elsah, IL\",\n            \"categories\": [\"colleges\"],\n            \"badges\": [\"outdoor\"]\n        },\n        {\n            \"name\": \"Occidental College\",\n            \"location\": \"Los Angeles, CA\",\n            \"categories\": [\"colleges\"],\n            \"badges\": [\"outdoor\"]\n        },\n        {\n            \"name\": \"California State University Sacramento\",\n            \"location\": \"Sacramento, CA\",\n            \"categories\": [\"colleges\"],\n            \"badges\": [\"outdoor\"]\n        },\n        {\n            \"name\": \"UC Berkeley\",\n            \"location\": \"Berkeley, CA\",\n            \"categories\": [\"colleges\"],\n            \"badges\": [\"outdoor\"]\n        },\n        {\n            \"name\": \"University of Oregon\",\n            \"location\": \"Eugene, OR\",\n            \"categories\": [\"colleges\"],\n            \"badges\": [\"outdoor\"]\n        },\n        {\n            \"name\": \"UCLA\",\n            \"location\": \"Los Angeles, CA\",\n            \"categories\": [\"colleges\"],\n            \"badges\": [\"outdoor\", \"sand supplier\"]\n        },\n        {\n            \"name\": \"USC\",\n            \"location\": \"Los Angeles, CA\",\n            \"categories\": [\"colleges\"],\n            \"badges\": [\"outdoor\"]\n        },\n        {\n            \"name\": \"University of Alabama Birmingham\",\n            \"location\": \"Birmingham, AL\",\n            \"categories\": [\"colleges\"],\n            \"badges\": [\"outdoor\"]\n        },\n        {\n            \"name\": \"University Louisiana Monroe\",\n            \"location\": \"Monroe, LA\",\n            \"categories\": [\"colleges\"],\n            \"badges\": [\"outdoor\"]\n        },\n        {\n            \"name\": \"University of North Alabama\",\n            \"location\": \"Florence, AL\",\n            \"categories\": [\"colleges\"],\n            \"badges\": [\"outdoor\"]\n        },\n        {\n            \"name\": \"Missouri State University\",\n            \"location\": \"Springfield, MO\",\n            \"categories\": [\"colleges\"],\n            \"badges\": [\"outdoor\"]\n        },\n        {\n            \"name\": \"University of Arizona\",\n            \"location\": \"Tucson, AZ\",\n            \"categories\": [\"colleges\"],\n            \"badges\": [\"outdoor\"]\n        },\n        {\n            \"name\": \"University of South Carolina\",\n            \"location\": \"Columbia, SC\",\n            \"categories\": [\"colleges\"],\n            \"badges\": [\"outdoor\"]\n        },\n        {\n            \"name\": \"Liberty University\",\n            \"location\": \"Lynchburg, VA\",\n            \"categories\": [\"colleges\"],\n            \"badges\": [\"outdoor\"]\n        },\n        {\n            \"name\": \"Tusculum University\",\n            \"location\": \"Greeneville, TN\",\n            \"categories\": [\"colleges\"],\n            \"badges\": [\"outdoor\"]\n        },\n        {\n            \"name\": \"Sierra College\",\n            \"location\": \"Rocklin, CA\",\n            \"categories\": [\"colleges\"],\n            \"badges\": [\"indoor\", \"outdoor\"]\n        },\n        {\n            \"name\": \"Eckerd University\",\n            \"location\": \"St. Petersburg, FL\",\n            \"categories\": [\"colleges\"],\n            \"badges\": [\"outdoor\"]\n        },\n        {\n            \"name\": \"Cosumnes River College\",\n            \"location\": \"Sacramento, CA\",\n            \"categories\": [\"colleges\"],\n            \"badges\": [\"outdoor\"]\n        },\n        {\n            \"name\": \"Arizona State University\",\n            \"location\": \"Tempe, AZ\",\n            \"categories\": [\"colleges\"],\n            \"badges\": [\"outdoor\"]\n        },\n        {\n            \"name\": \"Spike and Serve Volleyball Club\",\n            \"location\": \"Honolulu, HI\",\n            \"categories\": [\"clubs\"],\n            \"badges\": [\"indoor\", \"outdoor\"]\n        },\n        {\n            \"name\": \"Hive Volleyball\",\n            \"location\": \"Farmington, UT\",\n            \"categories\": [\"clubs\"],\n            \"badges\": [\"indoor\"]\n        },\n        {\n            \"name\": \"Cedar Park Christian\",\n            \"location\": \"Bothell, WA\",\n            \"categories\": [\"clubs\"],\n            \"badges\": [\"indoor\"]\n        },\n        {\n            \"name\": \"Next Level\",\n            \"location\": \"Texas\",\n            \"categories\": [\"clubs\"],\n            \"badges\": [\"indoor\"]\n        },\n        {\n            \"name\": \"Wave Volleyball Club\",\n            \"location\": \"Bradenton, FL\",\n            \"categories\": [\"clubs\"],\n            \"badges\": [\"indoor\", \"outdoor\"]\n        },\n        {\n            \"name\": \"Country Fire Volleyball Club\",\n            \"location\": \"Texas\",\n            \"categories\": [\"clubs\"],\n            \"badges\": [\"indoor\", \"outdoor\"]\n        },\n        {\n            \"name\": \"Mad Frog\",\n            \"location\": \"North Texas\",\n            \"categories\": [\"clubs\"],\n            \"badges\": [\"indoor\", \"outdoor\"]\n        },\n        {\n            \"name\": \"Washington Volleyball Academy\",\n            \"location\": \"Washington\",\n            \"categories\": [\"clubs\"],\n            \"badges\": [\"indoor\"]\n        },\n        {\n            \"name\": \"South Texas Volleyball Academy\",\n            \"location\": \"Texas\",\n            \"categories\": [\"clubs\"],\n            \"badges\": [\"indoor\"]\n        },\n        {\n            \"name\": \"Northern Virginia Volleyball Club\",\n            \"location\": \"Virginia\",\n            \"categories\": [\"clubs\"],\n            \"badges\": [\"indoor\"]\n        },\n        {\n            \"name\": \"Baxter Jacks Volleyball Club\",\n            \"location\": \"Louisville, KY\",\n            \"categories\": [\"clubs\"],\n            \"badges\": [\"indoor\"]\n        },\n        {\n            \"name\": \"The Beach YYC\",\n            \"location\": \"Calgary, Canada\",\n            \"categories\": [\"clubs\"],\n            \"badges\": [\"indoor\"]\n        },\n        {\n            \"name\": \"Tsunami Volleyball\",\n            \"location\": \"South Florida\",\n            \"categories\": [\"clubs\"],\n            \"badges\": [\"indoor\"]\n        },\n        {\n            \"name\": \"Albuquerque Rebels Volleyball Club\",\n            \"location\": \"Albuquerque, NM\",\n            \"categories\": [\"clubs\"],\n            \"badges\": [\"indoor\"]\n        },\n        {\n            \"name\": \"BVCA (Beach Volleyball Clubs of America)\",\n            \"location\": \"National Organization\",\n            \"categories\": [\"clubs\"],\n            \"badges\": [\"outdoor\"]\n        },\n        {\n            \"name\": \"Hickory Point / Lake County\",\n            \"location\": \"Tavares, FL\",\n            \"categories\": [\"facilities\"],\n            \"badges\": [\"outdoor\"]\n        },\n        {\n            \"name\": \"Miami Beach Volleyball Facility\",\n            \"location\": \"Miami, FL\",\n            \"categories\": [\"facilities\"],\n            \"badges\": [\"outdoor\"]\n        },\n        {\n            \"name\": \"King Louis Volleyball Facility\",\n            \"location\": \"USA\",\n            \"categories\": [\"facilities\"],\n            \"badges\": [\"outdoor\"]\n        },\n        {\n            \"name\": \"Setter Volleyball Facility\",\n            \"location\": \"Cincinnati, OH\",\n            \"categories\": [\"facilities\"],\n            \"badges\": [\"outdoor\"]\n        },\n        {\n            \"name\": \"Grand Sand Volleyball\",\n            \"location\": \"Westfield, IN\",\n            \"categories\": [\"facilities\"],\n            \"badges\": [\"outdoor\"]\n        },\n        {\n            \"name\": \"The Beach at Craig Ranch\",\n            \"location\": \"McKinney, TX\",\n            \"categories\": [\"facilities\"],\n            \"badges\": [\"outdoor\"]\n        },\n        {\n            \"name\": \"Craig Ranch\",\n            \"location\": \"McKinney, TX\",\n            \"categories\": [\"facilities\"],\n            \"badges\": [\"indoor\"]\n        },\n        {\n            \"name\": \"The Legacy Sports Complex\",\n            \"location\": \"Phoenix, AZ\",\n            \"categories\": [\"facilities\"],\n            \"badges\": [\"outdoor\"]\n        },\n        {\n            \"name\": \"Lake Point\",\n            \"location\": \"Cartersville, GA\",\n            \"categories\": [\"facilities\"],\n            \"badges\": [\"outdoor\"]\n        },\n        {\n            \"name\": \"The SandBar\",\n            \"location\": \"North Salt Lake, UT\",\n            \"categories\": [\"facilities\"],\n            \"badges\": [\"outdoor\"]\n        },\n        {\n            \"name\": \"4th Ave Beach\",\n            \"location\": \"USA\",\n            \"categories\": [\"facilities\"],\n            \"badges\": [\"indoor\"]\n        },\n        {\n            \"name\": \"QBK Sports Beach\",\n            \"location\": \"Long Island City, NY\",\n            \"categories\": [\"facilities\"],\n            \"badges\": [\"indoor\"]\n        },\n        {\n            \"name\": \"Sudden Impact\",\n            \"location\": \"USA\",\n            \"categories\": [\"facilities\"],\n            \"badges\": [\"indoor\"]\n        },\n        {\n            \"name\": \"John Hunt Park\",\n            \"location\": \"Huntsville, AL\",\n            \"categories\": [\"facilities\"],\n            \"badges\": [\"outdoor\"]\n        },\n        {\n            \"name\": \"Youngsville Sports Complex\",\n            \"location\": \"Youngsville, NC\",\n            \"categories\": [\"facilities\"],\n            \"badges\": [\"indoor\", \"outdoor\"]\n        },\n        {\n            \"name\": \"Highline Sports Facility (Great American Sports Center)\",\n            \"location\": \"USA\",\n            \"categories\": [\"facilities\"],\n            \"badges\": [\"indoor\"]\n        },\n        {\n            \"name\": \"6pack Beach\",\n            \"location\": \"California\",\n            \"categories\": [\"facilities\"],\n            \"badges\": [\"indoor\"]\n        },\n        {\n            \"name\": \"Dakine\",\n            \"location\": \"Seattle, WA\",\n            \"categories\": [\"facilities\"],\n            \"badges\": [\"indoor\", \"outdoor\"]\n        },\n        {\n            \"name\": \"Outrigger Canoe Club\",\n            \"location\": \"Honolulu, HI\",\n            \"categories\": [\"organizations\"],\n            \"badges\": [\"outdoor\"]\n        },\n        {\n            \"name\": \"American Volleyball Coaches Association\",\n            \"location\": \"USA\",\n            \"categories\": [\"organizations\"],\n            \"badges\": [\"outdoor\"]\n        },\n        {\n            \"name\": \"ABCDEM Sports Ltd.\",\n            \"location\": \"Canada\",\n            \"categories\": [\"organizations\"],\n            \"badges\": [\"indoor\"]\n        },\n        {\n            \"name\": \"Pixar Campus\",\n            \"location\": \"Emeryville, CA\",\n            \"categories\": [\"corporate\"],\n            \"badges\": [\"outdoor\", \"sand supplier\"]\n        },\n        {\n            \"name\": \"NASA Campus\",\n            \"location\": \"Houston, TX\",\n            \"categories\": [\"corporate\"],\n            \"badges\": [\"outdoor\", \"sand supplier\"]\n        },\n        {\n            \"name\": \"Google Campus\",\n            \"location\": \"Kirkland, WA\",\n            \"categories\": [\"corporate\"],\n            \"badges\": [\"outdoor\", \"sand supplier\"]\n        },\n        {\n            \"name\": \"Snohomish HS\",\n            \"location\": \"Snohomish, WA\",\n            \"categories\": [\"schools\"],\n            \"badges\": [\"indoor\"]\n        },\n        {\n            \"name\": \"Sedro Woolley High School\",\n            \"location\": \"Sedro Woolley, WA\",\n            \"categories\": [\"schools\"],\n            \"badges\": [\"indoor\"]\n        },\n        {\n            \"name\": \"Seaside Volleyball\",\n            \"location\": \"Seaside, OR\",\n            \"categories\": [\"facilities\"],\n            \"badges\": [\"outdoor\"]\n        },\n        {\n            \"name\": \"Vienna Elite Volleyball Club\",\n            \"location\": \"Vienna, VA\",\n            \"categories\": [\"clubs\"],\n            \"badges\": [\"indoor\"]\n        },\n        {\n            \"name\": \"Walks Up Volleyball Club\",\n            \"location\": \"USA\",\n            \"categories\": [\"clubs\"],\n            \"badges\": [\"outdoor\"]\n        },\n        {\n            \"name\": \"University of Portland\",\n            \"location\": \"Portland, OR\",\n            \"categories\": [\"colleges\"],\n            \"badges\": [\"outdoor\"]\n        },\n        {\n            \"name\": \"Penn State Berks Campus\",\n            \"location\": \"Reading, PA\",\n            \"categories\": [\"colleges\"],\n            \"badges\": [\"indoor\"]\n        },\n        {\n            \"name\": \"University of Virginia\",\n            \"location\": \"Charlottesville, VA\",\n            \"categories\": [\"colleges\"],\n            \"badges\": [\"outdoor\"]\n        },\n        {\n            \"name\": \"Down State Jr's Volleyball Club\",\n            \"location\": \"Illinois\",\n            \"categories\": [\"clubs\"],\n            \"badges\": [\"indoor\", \"outdoor\"]\n        },\n        {\n            \"name\": \"Sonic Volleyball Club\",\n            \"location\": \"USA\",\n            \"categories\": [\"clubs\"],\n            \"badges\": [\"outdoor\"]\n        },\n        {\n            \"name\": \"City of Folsom\",\n            \"location\": \"Folsom, CA\",\n            \"categories\": [\"facilities\"],\n            \"badges\": [\"outdoor\"]\n        },\n        {\n            \"name\": \"Camp Sambica\",\n            \"location\": \"USA\",\n            \"categories\": [\"facilities\"],\n            \"badges\": [\"outdoor\"]\n        },\n        {\n            \"name\": \"Dinosaur Volleyball Organization\",\n            \"location\": \"Hawaii\",\n            \"categories\": [\"organizations\"],\n            \"badges\": [\"outdoor\"]\n        },\n        {\n            \"name\": \"Volleyball Australia\",\n            \"location\": \"Australia\",\n            \"categories\": [\"organizations\"],\n            \"badges\": [\"outdoor\"]\n        },\n        {\n            \"name\": \"University of Missouri\",\n            \"location\": \"Columbia, MO\",\n            \"categories\": [\"colleges\"],\n            \"badges\": [\"outdoor\"]\n        },\n        {\n            \"name\": \"LSU\",\n            \"location\": \"Baton Rouge, LA\",\n            \"categories\": [\"colleges\"],\n            \"badges\": [\"outdoor\"]\n        },\n        {\n            \"name\": \"John Hunt Park Beach Volleyball Facility\",\n            \"location\": \"Huntsville, AL\",\n            \"categories\": [\"facilities\"],\n            \"badges\": [\"outdoor\"]\n        },\n        {\n            \"name\": \"Howard University\",\n            \"location\": \"Washington, DC\",\n            \"categories\": [\"colleges\"],\n            \"badges\": [\"indoor\"]\n        },\n        {\n            \"name\": \"Boom Box Volleyball\",\n            \"location\": \"USA\",\n            \"categories\": [\"clubs\"],\n            \"badges\": [\"outdoor\"]\n        },\n        {\n            \"name\": \"College of the Ozarks\",\n            \"location\": \"Point Lookout, MO\",\n            \"categories\": [\"colleges\"],\n            \"badges\": [\"indoor\"]\n        },\n        {\n            \"name\": \"Volleyball Nova Scotia\",\n            \"location\": \"Nova Scotia, Canada\",\n            \"categories\": [\"organizations\"],\n            \"badges\": [\"outdoor\"]\n        },\n        {\n            \"name\": \"Waubonsee College\",\n            \"location\": \"Sugar Grove, IL\",\n            \"categories\": [\"colleges\"],\n            \"badges\": [\"indoor\", \"outdoor\"]\n        },\n        {\n            \"name\": \"Issaquah High School\",\n            \"location\": \"Issaquah, WA\",\n            \"categories\": [\"schools\"],\n            \"badges\": [\"indoor\"]\n        },\n        {\n            \"name\": \"Top Select Volleyball Academy\",\n            \"location\": \"USA\",\n            \"categories\": [\"clubs\"],\n            \"badges\": [\"indoor\"]\n        },\n        {\n            \"name\": \"Gainesville High School\",\n            \"location\": \"Gainesville, FL\",\n            \"categories\": [\"schools\"],\n            \"badges\": [\"indoor\"]\n        },\n        {\n            \"name\": \"Alaska Gateway Schools\",\n            \"location\": \"Alaska\",\n            \"categories\": [\"schools\"],\n            \"badges\": [\"indoor\"]\n        },\n        {\n            \"name\": \"Snowflake High School\",\n            \"location\": \"Snowflake, AZ\",\n            \"categories\": [\"schools\"],\n            \"badges\": [\"indoor\"]\n        },\n        {\n            \"name\": \"Peninsula High School\",\n            \"location\": \"Gig Harbor, WA\",\n            \"categories\": [\"schools\"],\n            \"badges\": [\"indoor\"]\n        },\n        {\n            \"name\": \"Set 'Em Up Volleyball\",\n            \"location\": \"USA\",\n            \"categories\": [\"clubs\"],\n            \"badges\": [\"indoor\"]\n        },\n        {\n            \"name\": \"Lamborghini Athletic\",\n            \"location\": \"USA\",\n            \"categories\": [\"facilities\"],\n            \"badges\": [\"indoor\"]\n        },\n        {\n            \"name\": \"Williamson County Parks & Recreation\",\n            \"location\": \"Franklin, TN\",\n            \"categories\": [\"facilities\"],\n            \"badges\": [\"indoor\", \"outdoor\"]\n        },\n        {\n            \"name\": \"Sandhills Volleyball Club\",\n            \"location\": \"North Carolina\",\n            \"categories\": [\"clubs\"],\n            \"badges\": [\"indoor\"]\n        },\n        {\n            \"name\": \"Murray City\",\n            \"location\": \"Murray, UT\",\n            \"categories\": [\"facilities\"],\n            \"badges\": [\"indoor\", \"outdoor\"]\n        },\n        {\n            \"name\": \"Central Arkansas Volleyball\",\n            \"location\": \"Conway, AR\",\n            \"categories\": [\"clubs\"],\n            \"badges\": [\"indoor\"]\n        },\n        {\n            \"name\": \"Redmond High School\",\n            \"location\": \"Redmond, WA\",\n            \"categories\": [\"schools\"],\n            \"badges\": [\"indoor\"]\n        },\n        {\n            \"name\": \"Inglewood Middle School\",\n            \"location\": \"Inglewood, CA\",\n            \"categories\": [\"schools\"],\n            \"badges\": [\"indoor\"]\n        },\n        {\n            \"name\": \"Kamiak High School\",\n            \"location\": \"Mukilteo, WA\",\n            \"categories\": [\"schools\"],\n            \"badges\": [\"indoor\"]\n        },\n        {\n            \"name\": \"Florida Memorial University\",\n            \"location\": \"Miami Gardens, FL\",\n            \"categories\": [\"colleges\"],\n            \"badges\": [\"indoor\"]\n        },\n        {\n            \"name\": \"The Core Sportsplex\",\n            \"location\": \"USA\",\n            \"categories\": [\"facilities\"],\n            \"badges\": [\"indoor\"]\n        },\n        {\n            \"name\": \"Vortex Volleyball Club\",\n            \"location\": \"USA\",\n            \"categories\": [\"clubs\"],\n            \"badges\": [\"indoor\"]\n        },\n        {\n            \"name\": \"Monroe High School\",\n            \"location\": \"Monroe, WA\",\n            \"categories\": [\"schools\"],\n            \"badges\": [\"indoor\"]\n        },\n        {\n            \"name\": \"Lake Nona Performance Club\",\n            \"location\": \"Orlando, FL\",\n            \"categories\": [\"clubs\"],\n            \"badges\": [\"indoor\"]\n        },\n        {\n            \"name\": \"Club Med\",\n            \"location\": \"Various Locations\",\n            \"categories\": [\"corporate\"],\n            \"badges\": [\"outdoor\"]\n        },\n        {\n            \"name\": \"FXA Sports\",\n            \"location\": \"USA\",\n            \"categories\": [\"facilities\"],\n            \"badges\": [\"indoor\"]\n        },\n        {\n            \"name\": \"West Seattle High School\",\n            \"location\": \"Seattle, WA\",\n            \"categories\": [\"schools\"],\n            \"badges\": [\"indoor\"]\n        },\n        {\n            \"name\": \"City of College Park\",\n            \"location\": \"College Park, MD\",\n            \"categories\": [\"facilities\"],\n            \"badges\": [\"indoor\"]\n        },\n        {\n            \"name\": \"Gig Harbor High School\",\n            \"location\": \"Gig Harbor, WA\",\n            \"categories\": [\"schools\"],\n            \"badges\": [\"indoor\"]\n        },\n        {\n            \"name\": \"Washington University\",\n            \"location\": \"St. Louis, MO\",\n            \"categories\": [\"colleges\"],\n            \"badges\": [\"indoor\"]\n        },\n        {\n            \"name\": \"Aim Sports Group\",\n            \"location\": \"USA\",\n            \"categories\": [\"facilities\"],\n            \"badges\": [\"indoor\"]\n        },\n        {\n            \"name\": \"Club GSL\",\n            \"location\": \"USA\",\n            \"categories\": [\"clubs\"],\n            \"badges\": [\"indoor\", \"outdoor\"]\n        },\n        {\n            \"name\": \"University of Central Arkansas\",\n            \"location\": \"Conway, AR\",\n            \"categories\": [\"colleges\"],\n            \"badges\": [\"outdoor\"]\n        },\n        {\n            \"name\": \"A.J. Dimond High School\",\n            \"location\": \"Anchorage, AK\",\n            \"categories\": [\"schools\"],\n            \"badges\": [\"indoor\"]\n        },\n        {\n            \"name\": \"Sport South Florida\",\n            \"location\": \"South Florida\",\n            \"categories\": [\"facilities\"],\n            \"badges\": [\"indoor\", \"outdoor\"]\n        },\n        {\n            \"name\": \"Tacoma Community College\",\n            \"location\": \"Tacoma, WA\",\n            \"categories\": [\"colleges\"],\n            \"badges\": [\"indoor\"]\n        },\n        {\n            \"name\": \"575 Volleyball\",\n            \"location\": \"New Mexico\",\n            \"categories\": [\"clubs\"],\n            \"badges\": [\"indoor\"]\n        },\n        {\n            \"name\": \"Washington High School\",\n            \"location\": \"USA\",\n            \"categories\": [\"schools\"],\n            \"badges\": [\"indoor\"]\n        },\n        {\n            \"name\": \"Oklahoma Peak Volleyball\",\n            \"location\": \"Oklahoma\",\n            \"categories\": [\"clubs\"],\n            \"badges\": [\"indoor\"]\n        },\n        {\n            \"name\": \"Hancock College\",\n            \"location\": \"Santa Maria, CA\",\n            \"categories\": [\"colleges\"],\n            \"badges\": [\"indoor\"]\n        },\n        {\n            \"name\": \"Dynamite Volleyball Club\",\n            \"location\": \"USA\",\n            \"categories\": [\"clubs\"],\n            \"badges\": [\"indoor\"]\n        },\n        {\n            \"name\": \"Heppner Elementary School\",\n            \"location\": \"Heppner, OR\",\n            \"categories\": [\"schools\"],\n            \"badges\": [\"indoor\"]\n        },\n        {\n            \"name\": \"Summit Christian Academy\",\n            \"location\": \"USA\",\n            \"categories\": [\"schools\"],\n            \"badges\": [\"indoor\"]\n        },\n        {\n            \"name\": \"Stevenson University\",\n            \"location\": \"Stevenson, MD\",\n            \"categories\": [\"colleges\"],\n            \"badges\": [\"outdoor\"]\n        },\n        {\n            \"name\": \"San Marin High School\",\n            \"location\": \"Novato, CA\",\n            \"categories\": [\"schools\"],\n            \"badges\": [\"indoor\"]\n        },\n        {\n            \"name\": \"Austin Junior Volleyball\",\n            \"location\": \"Austin, TX\",\n            \"categories\": [\"clubs\"],\n            \"badges\": [\"indoor\"]\n        },\n        {\n            \"name\": \"Morgan State University\",\n            \"location\": \"Baltimore, MD\",\n            \"categories\": [\"colleges\"],\n            \"badges\": [\"indoor\"]\n        },\n        {\n            \"name\": \"Polk State College\",\n            \"location\": \"Lakeland, FL\",\n            \"categories\": [\"colleges\"],\n            \"badges\": [\"indoor\"]\n        },\n        {\n            \"name\": \"Richland County\",\n            \"location\": \"South Carolina\",\n            \"categories\": [\"facilities\"],\n            \"badges\": [\"indoor\"]\n        },\n        {\n            \"name\": \"Central Valley High School\",\n            \"location\": \"USA\",\n            \"categories\": [\"schools\"],\n            \"badges\": [\"indoor\"]\n        },\n        {\n            \"name\": \"The IcePlex\",\n            \"location\": \"USA\",\n            \"categories\": [\"facilities\"],\n            \"badges\": [\"indoor\"]\n        },\n        {\n            \"name\": \"University of Massachusetts Lowell\",\n            \"location\": \"Lowell, MA\",\n            \"categories\": [\"colleges\"],\n            \"badges\": [\"indoor\"]\n        },\n        {\n            \"name\": \"Tuscarora High School\",\n            \"location\": \"Leesburg, VA\",\n            \"categories\": [\"schools\"],\n            \"badges\": [\"indoor\"]\n        },\n        {\n            \"name\": \"Mount Vernon High School\",\n            \"location\": \"Mount Vernon, WA\",\n            \"categories\": [\"schools\"],\n            \"badges\": [\"indoor\"]\n        },\n        {\n            \"name\": \"Prism Volleyball Club\",\n            \"location\": \"USA\",\n            \"categories\": [\"clubs\"],\n            \"badges\": [\"indoor\"]\n        },\n        {\n            \"name\": \"Palombi Middle School\",\n            \"location\": \"USA\",\n            \"categories\": [\"schools\"],\n            \"badges\": [\"indoor\"]\n        },\n        {\n            \"name\": \"Adelanto Elementary School\",\n            \"location\": \"Adelanto, CA\",\n            \"categories\": [\"schools\"],\n            \"badges\": [\"indoor\"]\n        },\n        {\n            \"name\": \"University of Cincinnati Club Sports\",\n            \"location\": \"Cincinnati, OH\",\n            \"categories\": [\"colleges\"],\n            \"badges\": [\"indoor\"]\n        },\n        {\n            \"name\": \"Montverde Academy\",\n            \"location\": \"Montverde, FL\",\n            \"categories\": [\"schools\"],\n            \"badges\": [\"indoor\", \"outdoor\"]\n        },\n        {\n            \"name\": \"Agassi Prep\",\n            \"location\": \"Las Vegas, NV\",\n            \"categories\": [\"schools\"],\n            \"badges\": [\"indoor\"]\n        },\n        {\n            \"name\": \"NY Urban Volleyball\",\n            \"location\": \"New York, NY\",\n            \"categories\": [\"clubs\"],\n            \"badges\": [\"indoor\"]\n        },\n        {\n            \"name\": \"North Gwinnett High School\",\n            \"location\": \"Suwanee, GA\",\n            \"categories\": [\"schools\"],\n            \"badges\": [\"indoor\"]\n        },\n        {\n            \"name\": \"South Anchorage High School\",\n            \"location\": \"Anchorage, AK\",\n            \"categories\": [\"schools\"],\n            \"badges\": [\"indoor\"]\n        },\n        {\n            \"name\": \"Bisbee Unified School District\",\n            \"location\": \"Bisbee, AZ\",\n            \"categories\": [\"schools\"],\n            \"badges\": [\"indoor\"]\n        },\n        {\n            \"name\": \"Owatonna Public Schools\",\n            \"location\": \"Owatonna, MN\",\n            \"categories\": [\"schools\"],\n            \"badges\": [\"indoor\"]\n        },\n        {\n            \"name\": \"Allatoona High School\",\n            \"location\": \"Acworth, GA\",\n            \"categories\": [\"schools\"],\n            \"badges\": [\"indoor\"]\n        },\n        {\n            \"name\": \"Armijo High School\",\n            \"location\": \"Fairfield, CA\",\n            \"categories\": [\"schools\"],\n            \"badges\": [\"indoor\"]\n        },\n        {\n            \"name\": \"McNary Elementary School\",\n            \"location\": \"Keizer, OR\",\n            \"categories\": [\"schools\"],\n            \"badges\": [\"indoor\", \"outdoor\"]\n        },\n        {\n            \"name\": \"Boys and Girls Club of Whittier\",\n            \"location\": \"Whittier, CA\",\n            \"categories\": [\"organizations\"],\n            \"badges\": [\"indoor\"]\n        },\n        {\n            \"name\": \"Mineola High School\",\n            \"location\": \"Mineola, NY\",\n            \"categories\": [\"schools\"],\n            \"badges\": [\"outdoor\"]\n        },\n        {\n            \"name\": \"Green River High School\",\n            \"location\": \"Auburn, WA\",\n            \"categories\": [\"schools\"],\n            \"badges\": [\"indoor\"]\n        },\n        {\n            \"name\": \"A.D. Henderson University School\",\n            \"location\": \"Boca Raton, FL\",\n            \"categories\": [\"schools\"],\n            \"badges\": [\"indoor\"]\n        },\n        {\n            \"name\": \"South Bowie Community Center\",\n            \"location\": \"Bowie, MD\",\n            \"categories\": [\"facilities\"],\n            \"badges\": [\"indoor\"]\n        },\n        {\n            \"name\": \"Locust Valley High School\",\n            \"location\": \"Locust Valley, NY\",\n            \"categories\": [\"schools\"],\n            \"badges\": [\"indoor\"]\n        },\n        {\n            \"name\": \"Perry Hall High School\",\n            \"location\": \"Baltimore, MD\",\n            \"categories\": [\"schools\"],\n            \"badges\": [\"indoor\"]\n        },\n        {\n            \"name\": \"City of Richland\",\n            \"location\": \"Richland, WA\",\n            \"categories\": [\"facilities\"],\n            \"badges\": [\"outdoor\"]\n        },\n        {\n            \"name\": \"Gresham High School\",\n            \"location\": \"Gresham, OR\",\n            \"categories\": [\"schools\"],\n            \"badges\": [\"indoor\"]\n        },\n        {\n            \"name\": \"Our Lady of Victory Parish\",\n            \"location\": \"USA\",\n            \"categories\": [\"organizations\"],\n            \"badges\": [\"indoor\"]\n        },\n        {\n            \"name\": \"Tabernacle Christian School\",\n            \"location\": \"USA\",\n            \"categories\": [\"schools\"],\n            \"badges\": [\"indoor\"]\n        },\n        {\n            \"name\": \"Lyman High School\",\n            \"location\": \"Longwood, FL\",\n            \"categories\": [\"schools\"],\n            \"badges\": [\"indoor\"]\n        },\n        {\n            \"name\": \"Robert L. Bland Middle School\",\n            \"location\": \"USA\",\n            \"categories\": [\"schools\"],\n            \"badges\": [\"indoor\"]\n        },\n        {\n            \"name\": \"Slam Academy\",\n            \"location\": \"USA\",\n            \"categories\": [\"schools\"],\n            \"badges\": [\"indoor\"]\n        },\n        {\n            \"name\": \"Lakewood High School\",\n            \"location\": \"Lakewood, WA\",\n            \"categories\": [\"schools\"],\n            \"badges\": [\"outdoor\"]\n        },\n        {\n            \"name\": \"Northwest Sports Hub\",\n            \"location\": \"Washington\",\n            \"categories\": [\"facilities\"],\n            \"badges\": [\"indoor\"]\n        },\n        {\n            \"name\": \"Whitehall High School\",\n            \"location\": \"Whitehall, PA\",\n            \"categories\": [\"schools\"],\n            \"badges\": [\"indoor\"]\n        },\n        {\n            \"name\": \"Heppner High School\",\n            \"location\": \"Heppner, OR\",\n            \"categories\": [\"schools\"],\n            \"badges\": [\"indoor\"]\n        },\n        {\n            \"name\": \"Santa Barbara High School\",\n            \"location\": \"Santa Barbara, CA\",\n            \"categories\": [\"schools\"],\n            \"badges\": [\"indoor\"]\n        },\n        {\n            \"name\": \"Delaware Military Academy\",\n            \"location\": \"Wilmington, DE\",\n            \"categories\": [\"schools\"],\n            \"badges\": [\"indoor\"]\n        },\n        {\n            \"name\": \"Lake Norman High School\",\n            \"location\": \"Mooresville, NC\",\n            \"categories\": [\"schools\"],\n            \"badges\": [\"indoor\"]\n        },\n        {\n            \"name\": \"Hanover High School\",\n            \"location\": \"Hanover, NH\",\n            \"categories\": [\"schools\"],\n            \"badges\": [\"indoor\"]\n        },\n        {\n            \"name\": \"Chelsea Piers\",\n            \"location\": \"New York, NY\",\n            \"categories\": [\"facilities\"],\n            \"badges\": [\"indoor\", \"outdoor\"]\n        },\n        {\n            \"name\": \"Trevor Day School\",\n            \"location\": \"New York, NY\",\n            \"categories\": [\"schools\"],\n            \"badges\": [\"indoor\"]\n        },\n        {\n            \"name\": \"Ponderosa High School\",\n            \"location\": \"Parker, CO\",\n            \"categories\": [\"schools\"],\n            \"badges\": [\"indoor\"]\n        },\n        {\n            \"name\": \"Butte County High School\",\n            \"location\": \"USA\",\n            \"categories\": [\"schools\"],\n            \"badges\": [\"indoor\"]\n        },\n        {\n            \"name\": \"Cherokee County High School\",\n            \"location\": \"Georgia\",\n            \"categories\": [\"schools\"],\n            \"badges\": [\"indoor\"]\n        },\n        {\n            \"name\": \"Dos Palos High School\",\n            \"location\": \"Dos Palos, CA\",\n            \"categories\": [\"schools\"],\n            \"badges\": [\"indoor\"]\n        },\n        {\n            \"name\": \"KYDS Keep Youth Doing Something\",\n            \"location\": \"USA\",\n            \"categories\": [\"organizations\"],\n            \"badges\": [\"indoor\"]\n        },\n        {\n            \"name\": \"Lower Kuskokwim School District\",\n            \"location\": \"Alaska\",\n            \"categories\": [\"schools\"],\n            \"badges\": [\"indoor\"]\n        },\n        {\n            \"name\": \"Crook County Schools\",\n            \"location\": \"Oregon\",\n            \"categories\": [\"schools\"],\n            \"badges\": [\"indoor\"]\n        },\n        {\n            \"name\": \"Mackay High School\",\n            \"location\": \"Mackay, ID\",\n            \"categories\": [\"schools\"],\n            \"badges\": [\"indoor\"]\n        },\n        {\n            \"name\": \"Liberty High School\",\n            \"location\": \"USA\",\n            \"categories\": [\"schools\"],\n            \"badges\": [\"indoor\"]\n        },\n        {\n            \"name\": \"Middleton High School\",\n            \"location\": \"Middleton, ID\",\n            \"categories\": [\"schools\"],\n            \"badges\": [\"indoor\"]\n        },\n        {\n            \"name\": \"Louisa County High School\",\n            \"location\": \"Mineral, VA\",\n            \"categories\": [\"schools\"],\n            \"badges\": [\"indoor\"]\n        },\n        {\n            \"name\": \"Theodore High School\",\n            \"location\": \"Theodore, AL\",\n            \"categories\": [\"schools\"],\n            \"badges\": [\"indoor\"]\n        },\n        {\n            \"name\": \"Summit Country Day\",\n            \"location\": \"Cincinnati, OH\",\n            \"categories\": [\"schools\"],\n            \"badges\": [\"indoor\"]\n        },\n        {\n            \"name\": \"Penn State Abington\",\n            \"location\": \"Abington, PA\",\n            \"categories\": [\"colleges\"],\n            \"badges\": [\"indoor\"]\n        },\n        {\n            \"name\": \"Hills Gym\",\n            \"location\": \"USA\",\n            \"categories\": [\"facilities\"],\n            \"badges\": [\"indoor\"]\n        },\n        {\n            \"name\": \"Lower Columbia College\",\n            \"location\": \"Longview, WA\",\n            \"categories\": [\"colleges\"],\n            \"badges\": [\"indoor\"]\n        },\n        {\n            \"name\": \"Napa Valley College\",\n            \"location\": \"Napa, CA\",\n            \"categories\": [\"colleges\"],\n            \"badges\": [\"indoor\"]\n        },\n        {\n            \"name\": \"Wichita Falls YMCA\",\n            \"location\": \"Wichita Falls, TX\",\n            \"categories\": [\"facilities\"],\n            \"badges\": [\"indoor\"]\n        },\n        {\n            \"name\": \"City of Daphne\",\n            \"location\": \"Daphne, AL\",\n            \"categories\": [\"facilities\"],\n            \"badges\": [\"outdoor\"]\n        },\n        {\n            \"name\": \"Town of New Castle\",\n            \"location\": \"New Castle, NY\",\n            \"categories\": [\"facilities\"],\n            \"badges\": [\"indoor\"]\n        },\n        {\n            \"name\": \"Dillingham High School\",\n            \"location\": \"Dillingham, AK\",\n            \"categories\": [\"schools\"],\n            \"badges\": [\"indoor\"]\n        },\n        {\n            \"name\": \"City of Lake Havasu\",\n            \"location\": \"Lake Havasu City, AZ\",\n            \"categories\": [\"facilities\"],\n            \"badges\": [\"indoor\", \"outdoor\"]\n        },\n        {\n            \"name\": \"City of Bryan\",\n            \"location\": \"Bryan, TX\",\n            \"categories\": [\"facilities\"],\n            \"badges\": [\"outdoor\"]\n        },\n        {\n            \"name\": \"General Acrylics Court Builders\",\n            \"location\": \"USA\",\n            \"categories\": [\"corporate\"],\n            \"badges\": [\"outdoor\"]\n        },\n        {\n            \"name\": \"Highlands Ranch Community\",\n            \"location\": \"Highlands Ranch, CO\",\n            \"categories\": [\"facilities\"],\n            \"badges\": [\"outdoor\"]\n        },\n        {\n            \"name\": \"City of Coral Springs\",\n            \"location\": \"Coral Springs, FL\",\n            \"categories\": [\"facilities\"],\n            \"badges\": [\"outdoor\"]\n        },\n        {\n            \"name\": \"Berkeley Riverfront Park\",\n            \"location\": \"Berkeley, CA\",\n            \"categories\": [\"facilities\"],\n            \"badges\": [\"outdoor\"]\n        },\n        {\n            \"name\": \"Lake-Sumter State College\",\n            \"location\": \"Leesburg, FL\",\n            \"categories\": [\"colleges\"],\n            \"badges\": [\"outdoor\"]\n        },\n        {\n            \"name\": \"Disney\",\n            \"location\": \"Orlando, FL\",\n            \"categories\": [\"corporate\"],\n            \"badges\": [\"outdoor\"]\n        },\n        {\n            \"name\": \"Boucher Brothers\",\n            \"location\": \"USA\",\n            \"categories\": [\"corporate\"],\n            \"badges\": [\"outdoor\"]\n        },\n        {\n            \"name\": \"Ignite Volleyball Club\",\n            \"location\": \"USA\",\n            \"categories\": [\"clubs\"],\n            \"badges\": [\"indoor\"]\n        },\n        {\n            \"name\": \"City of Mankato\",\n            \"location\": \"Mankato, MN\",\n            \"categories\": [\"facilities\"],\n            \"badges\": [\"outdoor\"]\n        },\n        {\n            \"name\": \"City of Clovis Parks & Recreation\",\n            \"location\": \"Clovis, CA\",\n            \"categories\": [\"facilities\"],\n            \"badges\": [\"outdoor\"]\n        },\n        {\n            \"name\": \"Texas Tornadoes Volleyball\",\n            \"location\": \"Texas\",\n            \"categories\": [\"clubs\"],\n            \"badges\": [\"outdoor\"]\n        },\n        {\n            \"name\": \"City of Newport Parks\",\n            \"location\": \"Newport Beach, CA\",\n            \"categories\": [\"facilities\"],\n            \"badges\": [\"outdoor\"]\n        },\n        {\n            \"name\": \"Seabreeze High School\",\n            \"location\": \"Daytona Beach, FL\",\n            \"categories\": [\"schools\"],\n            \"badges\": [\"outdoor\"]\n        },\n        {\n            \"name\": \"Arizona Christian University\",\n            \"location\": \"Phoenix, AZ\",\n            \"categories\": [\"colleges\"],\n            \"badges\": [\"outdoor\"]\n        },\n        {\n            \"name\": \"Indian Rocks Beach\",\n            \"location\": \"Indian Rocks Beach, FL\",\n            \"categories\": [\"facilities\"],\n            \"badges\": [\"outdoor\"]\n        },\n        {\n            \"name\": \"Sport Court Southern California\",\n            \"location\": \"Southern California\",\n            \"categories\": [\"corporate\"],\n            \"badges\": [\"indoor\", \"outdoor\"]\n        },\n        {\n            \"name\": \"University of Nebraska at Kearney\",\n            \"location\": \"Kearney, NE\",\n            \"categories\": [\"colleges\"],\n            \"badges\": [\"outdoor\"]\n        },\n        {\n            \"name\": \"Beach Court USA\",\n            \"location\": \"USA\",\n            \"categories\": [\"corporate\"],\n            \"badges\": [\"outdoor\"]\n        },\n        {\n            \"name\": \"Nipomo High School\",\n            \"location\": \"Nipomo, CA\",\n            \"categories\": [\"schools\"],\n            \"badges\": [\"outdoor\"]\n        },\n        {\n            \"name\": \"Avera Sports\",\n            \"location\": \"South Dakota\",\n            \"categories\": [\"facilities\"],\n            \"badges\": [\"indoor\"]\n        },\n        {\n            \"name\": \"FORO Sports\",\n            \"location\": \"USA\",\n            \"categories\": [\"facilities\"],\n            \"badges\": [\"outdoor\"]\n        },\n        {\n            \"name\": \"Challenge Elite Sports\",\n            \"location\": \"USA\",\n            \"categories\": [\"facilities\"],\n            \"badges\": [\"indoor\", \"outdoor\"]\n        },\n        {\n            \"name\": \"Texas Tigers Volleyball Club\",\n            \"location\": \"Texas\",\n            \"categories\": [\"clubs\"],\n            \"badges\": [\"indoor\", \"outdoor\"]\n        },\n        {\n            \"name\": \"City of Gainesville\",\n            \"location\": \"Gainesville, FL\",\n            \"categories\": [\"facilities\"],\n            \"badges\": [\"outdoor\"]\n        },\n        {\n            \"name\": \"City of Tallahassee\",\n            \"location\": \"Tallahassee, FL\",\n            \"categories\": [\"facilities\"],\n            \"badges\": [\"outdoor\"]\n        },\n        {\n            \"name\": \"Sports Edge / JJVA\",\n            \"location\": \"USA\",\n            \"categories\": [\"clubs\"],\n            \"badges\": [\"indoor\"]\n        },\n        {\n            \"name\": \"Eleven 22 Sports\",\n            \"location\": \"USA\",\n            \"categories\": [\"facilities\"],\n            \"badges\": [\"indoor\", \"outdoor\"]\n        },\n        {\n            \"name\": \"California Beach Volleyball\",\n            \"location\": \"California\",\n            \"categories\": [\"organizations\"],\n            \"badges\": [\"outdoor\"]\n        },\n        {\n            \"name\": \"Beach South\",\n            \"location\": \"USA\",\n            \"categories\": [\"facilities\"],\n            \"badges\": [\"indoor\", \"outdoor\"]\n        },\n        {\n            \"name\": \"King High School\",\n            \"location\": \"USA\",\n            \"categories\": [\"schools\"],\n            \"badges\": [\"indoor\"]\n        },\n        {\n            \"name\": \"Eastlake High School\",\n            \"location\": \"Sammamish, WA\",\n            \"categories\": [\"schools\"],\n            \"badges\": [\"indoor\"]\n        },\n        {\n            \"name\": \"Skyline High School\",\n            \"location\": \"Sammamish, WA\",\n            \"categories\": [\"schools\"],\n            \"badges\": [\"indoor\"]\n        },\n        {\n            \"name\": \"Northwest Jr's Volleyball Club\",\n            \"location\": \"Washington\",\n            \"categories\": [\"clubs\"],\n            \"badges\": [\"indoor\", \"outdoor\"]\n        },\n        {\n            \"name\": \"Country Fire Volleyball Club\",\n            \"location\": \"Texas\",\n            \"categories\": [\"clubs\"],\n            \"badges\": [\"indoor\", \"outdoor\"]\n        },\n        {\n            \"name\": \"Atomic Volleyball\",\n            \"location\": \"USA\",\n            \"categories\": [\"clubs\"],\n            \"badges\": [\"indoor\"]\n        },\n        {\n            \"name\": \"Synergy Force Volleyball\",\n            \"location\": \"USA\",\n            \"categories\": [\"clubs\"],\n            \"badges\": [\"indoor\"]\n        },\n        {\n            \"name\": \"Casa Robles High School\",\n            \"location\": \"Orangevale, CA\",\n            \"categories\": [\"schools\"],\n            \"badges\": [\"indoor\"]\n        },\n        {\n            \"name\": \"Mesa Verde High School\",\n            \"location\": \"USA\",\n            \"categories\": [\"schools\"],\n            \"badges\": [\"indoor\"]\n        },\n        {\n            \"name\": \"Best High School\",\n            \"location\": \"USA\",\n            \"categories\": [\"schools\"],\n            \"badges\": [\"indoor\"]\n        },\n        {\n            \"name\": \"Absolute Zero Volleyball Club\",\n            \"location\": \"USA\",\n            \"categories\": [\"clubs\"],\n            \"badges\": [\"indoor\", \"outdoor\"]\n        },\n        {\n            \"name\": \"Lake Washington High School\",\n            \"location\": \"Kirkland, WA\",\n            \"categories\": [\"schools\"],\n            \"badges\": [\"indoor\"]\n        },\n        {\n            \"name\": \"Juanita High School\",\n            \"location\": \"Kirkland, WA\",\n            \"categories\": [\"schools\"],\n            \"badges\": [\"indoor\"]\n        },\n        {\n            \"name\": \"Eastlake Christian High School\",\n            \"location\": \"USA\",\n            \"categories\": [\"schools\"],\n            \"badges\": [\"indoor\"]\n        },\n        {\n            \"name\": \"Bellevue Christian High School\",\n            \"location\": \"Clyde Hill, WA\",\n            \"categories\": [\"schools\"],\n            \"badges\": [\"indoor\"]\n        },\n        {\n            \"name\": \"City of Kirkland\",\n            \"location\": \"Kirkland, WA\",\n            \"categories\": [\"facilities\"],\n            \"badges\": [\"indoor\"]\n        },\n        {\n            \"name\": \"City of Redmond\",\n            \"location\": \"Redmond, WA\",\n            \"categories\": [\"facilities\"],\n            \"badges\": [\"indoor\"]\n        },\n        {\n            \"name\": \"RSV Volleyball\",\n            \"location\": \"USA\",\n            \"categories\": [\"clubs\"],\n            \"badges\": [\"outdoor\"]\n        },\n        {\n            \"name\": \"Angry Dragon Volleyball\",\n            \"location\": \"USA\",\n            \"categories\": [\"clubs\"],\n            \"badges\": [\"grass\"]\n        },\n        {\n            \"name\": \"Osso Sports\",\n            \"location\": \"USA\",\n            \"categories\": [\"facilities\"],\n            \"badges\": [\"grass\", \"outdoor\", \"indoor\"]\n        },\n        {\n            \"name\": \"Underdog Sports\",\n            \"location\": \"USA\",\n            \"categories\": [\"facilities\"],\n            \"badges\": [\"outdoor\"]\n        },\n        {\n            \"name\": \"Jet City Sports\",\n            \"location\": \"Seattle, WA\",\n            \"categories\": [\"facilities\"],\n            \"badges\": [\"outdoor\", \"indoor\"]\n        },\n        {\n            \"name\": \"City of Seattle\",\n            \"location\": \"Seattle, WA\",\n            \"categories\": [\"facilities\"],\n            \"badges\": [\"outdoor\", \"indoor\"]\n        },\n        {\n            \"name\": \"Bellingham\",\n            \"location\": \"Bellingham, WA\",\n            \"categories\": [\"facilities\"],\n            \"badges\": [\"outdoor\", \"indoor\"]\n        },\n        {\n            \"name\": \"City of SeaTac\",\n            \"location\": \"SeaTac, WA\",\n            \"categories\": [\"facilities\"],\n            \"badges\": [\"indoor\"]\n        },\n        {\n            \"name\": \"University of Puget Sound\",\n            \"location\": \"Tacoma, WA\",\n            \"categories\": [\"colleges\"],\n            \"badges\": [\"indoor\"]\n        },\n        {\n            \"name\": \"San Diego Christian College\",\n            \"location\": \"Santee, CA\",\n            \"categories\": [\"colleges\"],\n            \"badges\": [\"outdoor\"]\n        },\n        {\n            \"name\": \"IMG Academy\",\n            \"location\": \"Bradenton, FL\",\n            \"categories\": [\"schools\"],\n            \"badges\": [\"outdoor\", \"indoor\"]\n        }\n    ]\n}\n</script>\n"
}