{
  "components/custom/brand-carousel": "<section class=\"brand-carousel\"\n    data-slick='{\n        \"mobileFirst\": true,\n        \"slidesToShow\": 2,\n        \"slidesToScroll\": 1,\n        \"lazyLoad\": \"anticipated\",\n        \"slide\": \".js-brand-slide\",\n        \"prevArrow\": \".js-brand-prev-arrow\",\n        \"nextArrow\": \".js-brand-next-arrow\",\n        \"responsive\": [\n            {\n                \"breakpoint\": 800,\n                \"settings\": {\n                    \"slidesToShow\": 5,\n                    \"slidesToScroll\": 1\n                }\n            },\n            {\n                \"breakpoint\": 550,\n                \"settings\": {\n                    \"slidesToShow\": 3,\n                    \"slidesToScroll\": 1\n                }\n            }\n        ]\n    }'\n    data-dots-labels='{\n        \"dotAriaLabel\": \"{{lang 'carousel.dotAriaLabel'}}\",\n        \"activeDotAriaLabel\": \"{{lang 'carousel.activeDotAriaLabel'}}\"\n    }'>\n\n    <button aria-label=\"{{lang 'carousel.arrowAriaLabel'}}\" class=\"js-brand-prev-arrow slick-prev slick-arrow\">brand-prev-arrow</button>\n\n    {{#for 1 (lang 'custom.other.brand-carousel.number-of-brands')}}\n    <a href=\"{{lang (concat (concat 'custom.other.brand-carousel.brand-' $index)'.link')}}\" class=\"js-brand-slide\" aria-label=\"{{#if this.alt_text.length '!=' 0}}{{this.alt_text}}{{else}}{{lang 'common.carousel_slide_number' slide_number=(add @index 1)}}{{/if}}\">\n        <div class=\"brand-carousel-slide {{#if ../theme_settings.homepage_stretch_carousel_images}}stretch{{/if}} {{#if @first}}brand-carousel-slide--first{{/if}}\">\n            <div class=\"brand-carousel-image-wrapper\">\n                    {{#if (lang (concat (concat 'custom.other.brand-carousel.brand-' $index)'.image')) '===' ' '}}\n                        <img class=\"lazyload brand-carousel__image\" data-src=\"http://via.placeholder.com/400x400.png?text=Brand+Placeholder+Image+{{$index}}\" src=\"{{cdn 'img/loading.svg'}}\" alt=\"{{lang (concat (concat 'custom.other.brand-carousel.brand-' $index)'.image_alt_text')}}\">\n                    {{else}}\n                        <img class=\"lazyload brand-carousel__image\" data-src=\"{{cdn (lang (concat (concat 'custom.other.brand-carousel.brand-' $index)'.image'))}}\" src=\"{{cdn 'img/loading.svg'}}\" alt=\"{{lang (concat (concat 'custom.other.brand-carousel.brand-' $index)'.image_alt_text')}}\">\n                    {{/if}}\n            </div>\n        </div>\n    </a>\n    {{/for}}\n\n    <button aria-label=\"{{lang 'carousel.arrowAriaLabel'}}\" class=\"js-brand-next-arrow slick-next slick-arrow\">brand-next-arrow</button>\n\n</section>\n"
}