{
  "components/custom/product-view-thumbnails": "<ul class=\"productView-thumbnails\" data-slick='{\r\n        \"infinite\": false,\r\n        \"mobileFirst\": true,\r\n        \"dots\": false,\r\n        \"accessibility\": false,\r\n        \"slidesToShow\": 4,\r\n        \"slidesToScroll\": 1\r\n    }'>\r\n    {{#or (if product.images.length '>' 1) (if product.videos.list)}}\r\n    {{#all (if product.images.length '===' 1) (if product.videos.list) (unless video_show)}}\r\n    {{else}}\r\n\r\n        {{#all (if video_show) (if video_pos)}}\r\n        {{!-- \r\n        {{#each product.videos.list}}\r\n            <li class=\"productView-thumbnail productView-thumbnail--video\">\r\n                <a\r\n                    class=\"productView-thumbnail-link\"\r\n                    data-type=\"video\"\r\n                    data-index=\"{{@index}}\"\r\n                    data-video-id=\"{{id}}\"\r\n                    data-video-gallery-new-image-url=\"https://img.youtube.com/vi/{{id}}/0.jpg\"\r\n                    data-video-gallery-zoom-image-url=\"https://img.youtube.com/vi/{{id}}/0.jpg\"\r\n                    data-video-gallery-new-image-srcset=\"https://img.youtube.com/vi/{{id}}/0.jpg\"\r\n                    data-pswp-content='<div class=\"pswp-video\"><iframe src=\"https://www.youtube.com/embed/{{id}}\" frameborder=\"0\" allow=\"autoplay; encrypted-media\" allowfullscreen></iframe></div>'\r\n                    data-image-gallery-video>\r\n                    <img src=\"{{cdn 'img/loading.svg'}}\" data-srcset=\"https://img.youtube.com/vi/{{id}}/0.jpg\" data-src=\"https://img.youtube.com/vi/{{id}}/0.jpg\" data-sizes=\"auto\" class=\"lazyload\" alt=\"{{title_short}}\" title=\"{{title_long}}\">\r\n                </a>\r\n            </li>\r\n        {{/each}}\r\n        --}}\r\n        {{/all}}\r\n\r\n{{#each product.images}}\r\n    <li class=\"productView-thumbnail\">\r\n        <a\r\n            class=\"productView-thumbnail-link\"\r\n            href=\"{{getImageSrcset this (cdn ../theme_settings.default_image_product) 1x=../theme_settings.zoom_size}}\"\r\n            data-type=\"image\"\r\n            data-index=\"{{@index}}\"\r\n            data-image-gallery-item\r\n            data-image-gallery-new-image-url=\"{{getImageSrcset this (cdn ../theme_settings.default_image_product) 1x=../theme_settings.product_size}}\"\r\n            data-image-gallery-new-image-srcset=\"{{getImageSrcset this use_default_sizes=true}}\"\r\n            data-image-gallery-zoom-image-url=\"{{getImageSrcset this (cdn ../theme_settings.default_image_product) 1x=../theme_settings.zoom_size}}\"\r\n        >\r\n        {{> components/common/responsive-img\r\n            image=this\r\n            fallback_size=../theme_settings.productview_thumb_size\r\n            lazyload=../theme_settings.lazyload_mode\r\n        }}\r\n        </a>\r\n    </li>\r\n{{/each}}\r\n\r\n\r\n        {{#all (if video_show) (unless video_pos)}}\r\n        {{#each product.videos.list}}\r\n            <li class=\"productView-thumbnail productView-thumbnail--video\">\r\n                <a\r\n                    class=\"productView-thumbnail-link\"\r\n                    data-type=\"video\"\r\n                    data-index=\"{{add (toInt @index) (toInt ../product.images.length)}}\"\r\n                    data-video-id=\"{{id}}\"\r\n                    data-video-gallery-new-image-url=\"https://img.youtube.com/vi/{{id}}/0.jpg\"\r\n                    data-video-gallery-zoom-image-url=\"https://img.youtube.com/vi/{{id}}/0.jpg\"\r\n                    data-video-gallery-new-image-srcset=\"https://img.youtube.com/vi/{{id}}/0.jpg\"\r\n                    data-pswp-content='<div class=\"pswp-video\"><iframe src=\"https://www.youtube.com/embed/{{id}}\" frameborder=\"0\" allow=\"autoplay; encrypted-media\" allowfullscreen></iframe></div>'\r\n                    data-image-gallery-video>\r\n                    <img src=\"{{cdn 'img/loading.svg'}}\" data-srcset=\"https://img.youtube.com/vi/{{id}}/0.jpg\" data-src=\"https://img.youtube.com/vi/{{id}}/0.jpg\" data-sizes=\"auto\" class=\"lazyload\" alt=\"{{title_short}}\" title=\"{{title_long}}\">\r\n                </a>\r\n            </li>\r\n        {{/each}}\r\n        {{/all}}\r\n\r\n    {{/all}}\r\n    {{/or}}\r\n</ul>\r\n",
  "components/common/responsive-img": "{{!--\nThis file implements the lazysizes srcset pattern (as seen on\nhttps://github.com/aFarkas/lazysizes#modern-transparent-srcset-pattern) for maximum performance on modern browsers\nand reasonable compatibility with legacy browsers.\n\nThere are a few important arguments to know about when using this component:\n`lazyload`:\n    - If set to 'lazyload+lqip', will load a low-res image which will be replaced by lazysizes - ensuring that SOME\n    content is shown immediately on page load. Without LQIP, a transparent gif will be used instead, which reduces\n    the number of requests needed to load the page, making it even faster.\n    - If set to 'lazyload', the browser will not load the full-size image at first, instead the lazysizes plugin will\n        load it progressively after page load. This improves the load speed of the page, but it should be disabled for\n        high-priority above-the-fold images.\n    - If set to 'disabled', will not attempt to lazyload the image and instead tell the browser to load it immediately.\n        Use this for high-priority images that are above the fold.\n\n`fallback_size`:\n    This is the size to use for this image in legacy browsers that do not support srcset.\n    Can be defined as a pixel bounding-box size (e.g. \"123x123) or inherent width (e.g. \"123w\").\n\n`class`:\n    The CSS classes to add to the image, e.g. \"card-image\". If lazyloading is enabled, all images will have the\n    \"lazyload\" class so that lazysizes will target them automatically.\n\n`otherAttributes`:\n    Any other HTML attributes you want on the img tag, for example \"height='100' width='100'\"\n\n`default_image`:\n    The default image to use if `image` is undefined or falsy. Should be a theme asset, usually defined as a relative\n    path in the theme config. If a default image is not provided, you'll get an image tag with no image if the primary\n    image is undefined.\n\n`lqip_size`:\n    If you want to specify a particular size for the LQIP image, you can do so with this argument. A default of 80\n    pixels wide will be used otherwise. This argument has no effect if the lazyload mode is not \"lazyload+lqip\".\n\n--}}\n<img {{#if image}}{{!-- Get the default image for legacy browsers that do not support srcset\n--}}src=\"{{getImageSrcset image 1x=(default fallback_size '160w')}}\" alt=\"{{image.alt}}\" title=\"{{image.alt}}\" {{!--\n  Allow lazysizes to generate the 'sizes' attribute automatically --}}data-sizes=\"auto\"\n  {{#unless lazyload '==' 'disabled'}}\n    {{#if lazyload '==' 'lazyload+lqip'}}\n    {{!-- If we want a LQIP, include it as the default srcset (will be overwritten by lazysizes) --}}\n    srcset=\"{{getImageSrcset image 1x=(default lqip_size '80w')}}\"\n    {{else}}\n      {{!-- If we don't want a LQIP, use a 1px transparent gif for the stand-in image\n            This requires no additional network request, so it's fast --}}\n    srcset=\"data:image/gif;base64,R0lGODlhAQABAIAAAP///wAAACH5BAEAAAAALAAAAAABAAEAAAICRAEAOw==\"\n    {{/if}}\n{{/unless}}\n{{!-- If lazyloading is disabled, just use \"srcset\". If it is not disabled, use \"data-srcset\" so lazysizes will use\n      this after page load --}}\n{{!--\nGenerate the srcset string using the default sizes defined in the helper. This will allow the browser to\npick the best-sized image based on its own understanding of how it will render the page.\n--}}\n{{#unless lazyload '==' 'disabled'}}data-{{/unless}}srcset=\"{{getImageSrcset image use_default_sizes=true }}\"\n{{else if default_image}}src=\"{{cdn default_image}}\" alt=\"{{lang 'products.card_default_image_alt'}}\"{{/if}}\nclass=\"{{#unless lazyload '==' 'disabled'}}lazyload{{/unless}}{{#if class}} {{class}}{{/if}}\"\n{{#if lazyload '==' 'lazyload'}}loading=\"lazy\"{{/if}}\n{{otherAttributes}} />\n"
}