{
  "volleyball-nets": [
    {
      "question": "How does your net stand out compared to other competitors?",
      "answer": "Our nets are handmade in the USA from top-quality materials. For example, our beach nets (PBN4) use heavy-duty UV- and mildew-resistant fabrics and strong knotted nylon to endure years of use. Likewise, our indoor nets are reinforced with high-strength #36 nylon (Kevlar optional) and ultra-strong tensioning, ensuring exceptional durability. We even print custom logos and color designs directly onto the netting with care. All these features – domestic construction, heavy-gauge materials, and careful printing – make our volleyball nets stand out in quality and longevity."
    },
    {
      "question": "What’s the difference between indoor and outdoor volleyball nets?",
      "answer": "Indoor and outdoor nets differ mainly in their materials and construction. Indoor competition nets typically have a 2″ vinyl border (usually white) and #36 high-strength nylon netting. They are designed for gym play and meet NCAA/USAV specs. Outdoor (beach/backyard) nets use wider 4″ vinyl tape, color options, and thicker netting (e.g. #42 gauge) to handle sun and weather. We use UV- and mildew-resistant materials on outdoor nets to prevent fading and damage. In short, beach nets have heavier border tapes and protective coatings for the elements, whereas indoor nets use lighter 2″ tapes for gym play."
    },
    {
      "question": "What’s the lifespan of your volleyball nets with regular use?",
      "answer": "Our nets are built to last with our heavier nets lasting upwards of 7-8 years. They use highstrength knotted nylon and reinforced stitching to resist tearing, and durable border tapes to withstand tension. Outdoor nets add UV-protection and mildew-resistant coatings so they won’t deteriorate in sun or moisture. In practice, a properly installed net should provide many seasons (even years) of regular play before showing wear. (Since we use top materials and craftsmanship, customers typically get long service life out of our nets.)"
    },
    {
      "question": "What is the standard size of a volleyball net?",
      "answer": "An official regulation net is 32 feet long × 39 inches tall. For play, the net height is 7′11⅝″ for men’s competition and 7′ 4⅛″ for women’s . We sell standard 32′×39″ nets (with options for custom widths if needed). All our nets ship at standard size unless you request a custom size."
    },
    {
      "question": "Do your nets meet AVP, NCAA, or USAV standards?",
      "answer": "Yes. Our nets are manufactured to official dimensions and specifications. They meet NCAA, high-school (NFHS), and USA Volleyball (USAV, formerly USVBA) standards. For example, our SenComp indoor competition net meets all NCAA/USAV rules on size and construction. (Outdoor beach nets use the same 32′×39″ size as pro tours like the AVP.) In short, you’ll have official-size nets that comply with AVP, NCAA, USAV and other governing bodies"
    },
    {
      "question": "Can I use the same net for both indoor and outdoor courts?",
      "answer": "While possible, it's not recommended. Indoor nets aren't designed for UV exposure and weather resistance, while outdoor nets may be too heavy for indoor tensioning systems. For optimal performance and longevity, use nets specifically designed for your court environment."
    },
    {
        "question": "Can I order a custom printed net with my logo?",
        "answer": "Absolutely. We offer fully custom-printed volleyball nets. Simply provide your artwork or logo, and our team will print it onto the borders (or netting) with professional quality. Each custom net is printed with care so that the colors last the life of the net. You can choose custom colors, logos, and designs on both indoor and outdoor nets. Whether it’s a school name, team logo, or business brand, we can print it right onto the net for you."
    },
    {
        "question": "Can I return or exchange a net if it doesn’t fit my setup?",
        "answer": "Yes, with conditions. For standard, stock nets in new condition, we allow returns within 30 days for a full refund (minus shipping). You would need to contact us for a return authorization and ship the net back unused. However, custom-ordered nets cannot be returned. Custom nets include any special width, custom colors, or printed logo, and those are nonrefundable once ordered. If you order a regular net and it doesn’t fit, just return it (in resalable condition) within 30 days. But if you’ve asked for a custom size or print, please choose carefully since custom jobs are final."
    }
  ],
  "volleyball-poles": [
    {
      "question": "How deep should volleyball poles be installed?",
      "answer": "Standard installation depth is 3-4 feet for safety and stability. Permanent installations typically require concrete footings extending below the frost line. The exact depth may vary based on local building codes, soil conditions, and pole height specifications."
    },
    {
      "question": "What's the difference between permanent and portable volleyball poles?",
      "answer": "Permanent poles are installed with concrete foundations and offer maximum stability for competitive play. Portable poles use weighted bases or ground sleeves, allowing for easy setup and removal. Portable systems are ideal for recreational use, schools, and facilities that need flexibility in court layout."
    },
    {
      "question": "Do volleyball poles come with height adjustment features?",
      "answer": "Many of our volleyball pole systems include height adjustment mechanisms. These allow you to quickly change net height for different age groups or game types. Professional systems often feature gear-driven winches or ratchet systems for precise height control and easy adjustment."
    },
    {
      "question": "What materials are volleyball poles made from?",
      "answer": "Our poles are primarily made from galvanized steel or aluminum. Galvanized steel offers maximum strength and durability for permanent installations. Aluminum poles are lighter weight, making them ideal for portable systems while still providing excellent stability and corrosion resistance."
    },
    {
      "question": "How much space is needed around volleyball poles for safety?",
      "answer": "Safety clearance recommendations include at least 6 feet from the pole to any wall or obstruction, and 3 feet minimum from the sideline to the pole. For competitive play, FIVB standards require larger clearances. Guy wires and anchors should be clearly marked and positioned outside the playing area."
    }
  ],
  "complete-systems": [
    {
      "question": "What's included in a complete volleyball system?",
      "answer": "Complete systems include poles, professional-grade nets, tensioning hardware, guy wires, ground anchors, installation hardware, and often carrying cases. Many systems also include boundary tapes, referee stands, and adjustment tools. Everything needed for a regulation volleyball court setup is included."
    },
    {
      "question": "How long does it take to set up a complete volleyball system?",
      "answer": "Portable systems can be set up in 30-60 minutes with 2-3 people. Permanent installations typically require 1-2 days including concrete curing time. Semi-permanent systems with ground sleeves can be installed in 2-4 hours once the sleeves are in place."
    },
    {
      "question": "Are complete systems suitable for both indoor and outdoor use?",
      "answer": "Most complete systems are designed for specific environments. Outdoor systems include weather-resistant materials and UV protection. Indoor systems are optimized for gym floors and ceiling clearances. Some versatile systems can work in both environments with appropriate setup modifications."
    },
    {
      "question": "What skill level is required for installation?",
      "answer": "Portable systems can be installed by anyone following the included instructions. Permanent installations may require basic construction skills for digging and concrete work. We recommend professional installation for permanent systems to ensure safety and compliance with local building codes."
    },
    {
      "question": "Do complete systems meet official volleyball regulations?",
      "answer": "Yes, our complete systems are designed to meet or exceed FIVB, USA Volleyball, and NCAA regulations. This includes proper court dimensions, net specifications, pole placement, and safety requirements for competitive play at all levels."
    }
  ],
  "outdoor-systems": [
    {
      "question": "How do outdoor volleyball systems handle weather conditions?",
      "answer": "Our outdoor systems feature galvanized steel construction, weather-resistant netting with UV protection, and corrosion-resistant hardware. Systems are designed to withstand wind loads and can be partially disassembled during severe weather if needed. All components are built for year-round outdoor exposure."
    },
    {
      "question": "What foundation options are available for outdoor courts?",
      "answer": "Foundation options include permanent concrete footings, removable ground sleeves, or weighted portable bases. Concrete footings provide maximum stability for permanent courts. Ground sleeves allow seasonal installation/removal. Portable bases work well for temporary setups and beach volleyball."
    },
    {
      "question": "Can outdoor systems be used for beach volleyball?",
      "answer": "Yes, many of our outdoor systems are perfect for beach volleyball. Beach-specific features include sand-friendly anchoring systems, corrosion-resistant materials for saltwater environments, and easy height adjustment for recreational play. Portable options are especially popular for beach settings."
    },
    {
      "question": "How do I maintain an outdoor volleyball system?",
      "answer": "Regular maintenance includes checking tension cables, cleaning dirt and debris from moving parts, and inspecting for weather damage. Apply rust preventative to metal components annually. Store nets in a dry location during extended periods of non-use to maximize lifespan."
    }
  ],
  "portable-systems": [
    {
      "question": "How portable are these volleyball systems really?",
      "answer": "Our portable systems can be transported in most SUVs or pickup trucks. Complete systems typically weigh 50-100 pounds total and break down into manageable pieces. Many include wheeled carrying cases or bags for easy transport to tournaments, camps, or recreational events."
    },
    {
      "question": "How stable are portable volleyball systems during play?",
      "answer": "Portable systems use weighted bases, sand bags, or stake-down systems to provide excellent stability during play. Professional portable systems meet the same stability requirements as permanent installations when properly anchored. Wind screens and guy wires add extra stability for outdoor use."
    },
    {
      "question": "What surfaces can portable systems be used on?",
      "answer": "Portable systems work on grass, sand, gymnasium floors, concrete, and most flat surfaces. Different anchoring methods are used for each surface type - stakes for grass, sandbags for hard courts, and specialized anchors for sand. Non-marking feet protect indoor floors."
    },
    {
      "question": "Are portable systems suitable for competitive play?",
      "answer": "Yes, many portable systems meet official regulations for competitive play. They're commonly used in schools, clubs, and tournaments where permanent installation isn't feasible. Professional portable systems offer the same net height precision and stability as permanent installations."
    },
    {
      "question": "What's the setup time for portable volleyball systems?",
      "answer": "Most portable systems can be set up by 2 people in 15-30 minutes with practice. Initial setup may take longer as you become familiar with the system. Quick-connect systems and color-coded components speed up the assembly process significantly."
    }
  ]
}
